"Time","Abhaynagar (SW30A) STAGE_RT (undefined)","Afraghat (SW30) STAGE_RT (undefined)","Akhaura (SW296) STAGE_RT (undefined)","Aktapara (SW351) STAGE_RT (undefined)","Alikadam (SW203.5) STAGE_RT (undefined)","Amtoli (SW20) STAGE_RT (undefined)","Aricha (SW50.6) STAGE_RT (undefined)","Arpara (SW21) STAGE_RT (undefined)","Astamonisha (SW149) STAGE_RT (undefined)","Atharobaki (SW105) STAGE_RT (undefined)","Atpara (SW311) STAGE_RT (undefined)","Atrai Railway Bridge (SW147) STAGE_RT (undefined)","Austogram Kishorganj (SW272/1) STAGE_RT (undefined)","Azmiriganj (SW271) STAGE_RT (undefined)","Babuganj (SW318) STAGE_RT (undefined)","Bagerhat (SW1) STAGE_RT (undefined)","Baghabari (SW151) STAGE_RT (undefined)","Bagmara (SW83) STAGE_RT (undefined)","Baidyar Bazar (SW275) STAGE_RT (undefined)","Bainochhola (SW356)  STAGE_RT (undefined)","Bakergonj (SW18.1) STAGE_RT (undefined)","Balikhola (SW311.4) STAGE_RT (undefined)","Bamna (SW38) STAGE_RT (undefined)","Bandarban (SW247) STAGE_RT (undefined)","Banigram (SW250) STAGE_RT (undefined)","Baradeshwari (SW139) STAGE_RT (undefined)","Baral Bridge (SW17.1) STAGE_RT (undefined)","Barati (SW61.5) STAGE_RT (undefined)","Barisal (SW18) STAGE_RT (undefined)","Basantopur (SW129) STAGE_RT (undefined)","Basuri (SW8) STAGE_RT (undefined)","Batkuchi (SW53) STAGE_RT (undefined)","Baushi  (SW134A) STAGE_RT (undefined)","Begumganj (SW221.5) STAGE_RT (undefined)","Benarpota (SW24) STAGE_RT (undefined)","Betagi (SW37.5) STAGE_RT (undefined)","Bhairab Bazar (SW273) STAGE_RT (undefined)","Bhanga (SW170) STAGE_RT (undefined)","Bhatiapara (SW102) STAGE_RT (undefined)","Bhatshala Bridge (SW414) STAGE_RT (undefined)","Bhawaniganj (SW240) STAGE_RT (undefined)","Bhitorgar (SW282) STAGE_RT (undefined)","Bhola Kheyaghat (SW288.4) STAGE_RT (undefined)","Bhuiyanpur d/s (SW343.5) STAGE_RT (undefined)","Bhutdangi (SW335) STAGE_RT (undefined)","Bibir Bazar (SW109) STAGE_RT (undefined)","Boalmari (SW327) STAGE_RT (undefined)","Bodarganj (SW62) STAGE_RT (undefined)","Bogura (SW65) STAGE_RT (undefined)","Boragari (SW61) STAGE_RT (undefined)","Borguna (SW38.1) STAGE_RT (undefined)","Borhanuddin (SW279.5) STAGE_RT (undefined)","Bujruk (SW336) STAGE_RT (undefined)","Bushirbandar (SW142.1) STAGE_RT (undefined)","Cansart (SW338) STAGE_RT (undefined)","Chalk Hariharpur (SW144) STAGE_RT (undefined)","Chalk Rahimpur (SW63) STAGE_RT (undefined)","Chanchkoir (SW148) STAGE_RT (undefined)","Chandkhali (SW164) STAGE_RT (undefined)","Chandpur (SW277) STAGE_RT (undefined)","Chapai Nawabgoanj (SW211.5) STAGE_RT (undefined)","Chapra (SW25) STAGE_RT (undefined)","Char Sunapur (SW87) STAGE_RT (undefined)","Charduani (SW108) STAGE_RT (undefined)","Chatlaghat Station (SW201.5) STAGE_RT (undefined)","Chhatak (SW268) STAGE_RT (undefined)","Chiringa (SW204) STAGE_RT (undefined)","Chuadanga (SW207) STAGE_RT (undefined)","Comilla (SW110) STAGE_RT (undefined)","Companyganj (SW182) STAGE_RT (undefined)","Dalia (SW291.5R) STAGE_RT (undefined)","Dalia_UP (SW292) STAGE_RT (undefined)","Damuddya (SW329) STAGE_RT (undefined)","Darsana (SW208) STAGE_RT (undefined)","Daudkandi (SW115) STAGE_RT (undefined)","Daulatkhan (SW278) STAGE_RT (undefined)","Debiganj (SW141) STAGE_RT (undefined)","Demra (SW179) STAGE_RT (undefined)","Demra (SW7.5) STAGE_RT (undefined)","Derai (SW269.5) STAGE_RT (undefined)","Dhaki Bridge (SW413) STAGE_RT (undefined)","Dhunot (SW324) STAGE_RT (undefined)","Dighinala (SW361) STAGE_RT (undefined)","Dilalpur (SW74) STAGE_RT (undefined)","Doani (SW291.5L) STAGE_RT (undefined)","Dohajari (SW248) STAGE_RT (undefined)","Dohokuladanga (SW150) STAGE_RT (undefined)","Dokkhin Hasonpur (SW355) STAGE_RT (undefined)","Durgapur (SW263) STAGE_RT (undefined)","Durlavpur (SW345) STAGE_RT (undefined)","Elarchar (SW254.5) STAGE_RT (undefined)","Elashin (SW68A) STAGE_RT (undefined)","Enayethat (SW121) STAGE_RT (undefined)","Faridpur (SW168) STAGE_RT (undefined)","Fenchuganj (SW174) STAGE_RT (undefined)","Gaibandha (SW97) STAGE_RT (undefined)","Garagonj (SW171) STAGE_RT (undefined)","Ghok Bazar (SW344) STAGE_RT (undefined)","Ghoramaraghat (SW305.5) STAGE_RT (undefined)","Ghoshpur (SW52) STAGE_RT (undefined)","Goainghat (SW252) STAGE_RT (undefined)","Goalundo (SW91.9R) STAGE_RT (undefined)","Gokornoghat (SW297) STAGE_RT (undefined)","Gongasagor (SW123) STAGE_RT (undefined)","Gorai Rly, Bridge (SW99) STAGE_RT (undefined)","Gouranadi (SW300) STAGE_RT (undefined)","Gualkanda (SW223) STAGE_RT (undefined)","Gumani Rly. Bridge (SW149.1) STAGE_RT (undefined)","Gunoboti (SW181) STAGE_RT (undefined)","Habiganj (SW159) STAGE_RT (undefined)","Hajiganj (SW58) STAGE_RT (undefined)","Harashpur (SW359) STAGE_RT (undefined)","Haridaspur (SW198) STAGE_RT (undefined)","Hariharpara (SW43) STAGE_RT (undefined)","Hatboalia (SW206) STAGE_RT (undefined)","Hatiya (SW321) STAGE_RT (undefined)","Hijla (SW320) STAGE_RT (undefined)","Horipur (SW213) STAGE_RT (undefined)","Islampur (SW332) STAGE_RT (undefined)","Islampur (SW96) STAGE_RT (undefined)","Itna (SW73) STAGE_RT (undefined)","Jafarganj (SW96A) STAGE_RT (undefined)","Jaflong (SW233A) STAGE_RT (undefined)","Jagannathpur (SW352) STAGE_RT (undefined)","Jagir Dhaleswari (SW68.5) STAGE_RT (undefined)","Jaldhup (SW265) STAGE_RT (undefined)","Jamalpur (SW225) STAGE_RT (undefined)","Jaria-Jhanjail (SW36) STAGE_RT (undefined)","Jhalokati (Bishkhali) (SW37) STAGE_RT (undefined)","Jhenai Bridge (SW134B) STAGE_RT (undefined)","Jhenaidaha (SW215) STAGE_RT (undefined)","Jhikargacha (SW162) STAGE_RT (undefined)","Jibonpur (SW114) STAGE_RT (undefined)","Jogikhali (SW22.4) STAGE_RT (undefined)","Jogonnathganj (SW48) STAGE_RT (undefined)","Jote Bazar (SW82) STAGE_RT (undefined)","Joypurhat (SW132.5) STAGE_RT (undefined)","Jugini (SW186) STAGE_RT (undefined)","Jukerchar (SW134) STAGE_RT (undefined)","Juri (Silghat) (SW135A) STAGE_RT (undefined)","Kabirajpur (SW193) STAGE_RT (undefined)","Kaitpara (SW183) STAGE_RT (undefined)","Kala Chandpur (SW217) STAGE_RT (undefined)","Kalaroa (SW23) STAGE_RT (undefined)","Kaliachori (SW84.1) STAGE_RT (undefined)","Kaliakoir (SW301) STAGE_RT (undefined)","Kaliganj (SW54) STAGE_RT (undefined)","Kalmakanda (SW263.1) STAGE_RT (undefined)","Kalurghat (SW152.2) STAGE_RT (undefined)","Kamarkhali (SW101.B) STAGE_RT (undefined)","Kanaighat (SW266) STAGE_RT (undefined)","Kangasanagar (SW113) STAGE_RT (undefined)","Kantanagar (SW78) STAGE_RT (undefined)","Kaoraid (SW9) STAGE_RT (undefined)","Kaotali Brahmanbaria (SW3A) STAGE_RT (undefined)","Kastul (SW272.1) STAGE_RT (undefined)","Kaunia (SW294) STAGE_RT (undefined)","Kawkhali (SW136) STAGE_RT (undefined)","Kazipara (SW340) STAGE_RT (undefined)","Kazipur (SW205) STAGE_RT (undefined)","Keshabpur (SW27) STAGE_RT (undefined)","Khagrachari (SW360) STAGE_RT (undefined)","Khaliajuri (SW72) STAGE_RT (undefined)","Khanpur (SW11) STAGE_RT (undefined)","Khansama (SW142) STAGE_RT (undefined)","Khator Magura (SW55) STAGE_RT (undefined)","Khoikhali (SW130) STAGE_RT (undefined)","Kholabarichar (SW46.7L) STAGE_RT (undefined)","Khulna (SW241) STAGE_RT (undefined)","Kobadak Forest (SW165) STAGE_RT (undefined)","Kodalkatigaon (SW287) STAGE_RT (undefined)","Kolatia (SW70) STAGE_RT (undefined)","Komalganj (SW67) STAGE_RT (undefined)","Kumarpara (SW328) STAGE_RT (undefined)","Kundal (SW156A) STAGE_RT (undefined)","Kurigram (SW77) STAGE_RT (undefined)","Laksam (SW58A) STAGE_RT (undefined)","Lakshmipur (SW239) STAGE_RT (undefined)","Lalonsha Bridge (SW90) STAGE_RT (undefined)","Lama (SW203) STAGE_RT (undefined)","Lemshikhali (SW176) STAGE_RT (undefined)","Lohagara (SW217A) STAGE_RT (undefined)","Madaripur (SW5) STAGE_RT (undefined)","Madhupur (SW12) STAGE_RT (undefined)","Madna (SW272) STAGE_RT (undefined)","Magura (SW216) STAGE_RT (undefined)","Magura (SW216A) STAGE_RT (undefined)","Mahadevpur (SW145) STAGE_RT (undefined)","Malipur (SW257) STAGE_RT (undefined)","Malonchi (SW16.1) STAGE_RT (undefined)","Markuli (SW270) STAGE_RT (undefined)","Matlab (SW79) STAGE_RT (undefined)","Mawa Padma Bridge (SW93.5L) STAGE_RT (undefined)","Meghna Ferry Ghat (SW275.5) STAGE_RT (undefined)","Mia Bazar (SW334) STAGE_RT (undefined)","Mill Baraccuk Postagola Bridge (SW417) STAGE_RT (undefined)","Mill Barrack Babubazar (SW42) STAGE_RT (undefined)","Mirjaganj (SW19) STAGE_RT (undefined)","Mirpur (SW302) STAGE_RT (undefined)","Mirzapur (Bangshi River) (SW14) STAGE_RT (undefined)","Mirzapur (SW96.5) STAGE_RT (undefined)","Moddonagar (SW263.2) STAGE_RT (undefined)","Mohammadpur Bridge (SW411) STAGE_RT (undefined)","Mohimaganj (SW155) STAGE_RT (undefined)","Mohonganj (SW36.1) STAGE_RT (undefined)","Molani (SW283) STAGE_RT (undefined)","Monmothpur (SW132) STAGE_RT (undefined)","Montala (SW264A) STAGE_RT (undefined)","Monu Rail Bridge (SW201) STAGE_RT (undefined)","Mostafapur (SW190) STAGE_RT (undefined)","Motiganj (SW192) STAGE_RT (undefined)","Moulvibazar (SW202) STAGE_RT (undefined)","Mujurdia (SW169) STAGE_RT (undefined)","Mymensingh (SW228.5) STAGE_RT (undefined)","Nabinagar (SW298) STAGE_RT (undefined)","Nakuagaon, Sherpur (SW34) STAGE_RT (undefined)","Naldangarhat (SW83.1) STAGE_RT (undefined)","Nalitabari (SW35) STAGE_RT (undefined)","Nalka-Sengati (SW11.5) STAGE_RT (undefined)","Nangura Rly Bridge (SW313) STAGE_RT (undefined)","Naogoan (SW133) STAGE_RT (undefined)","Naohata (SW261) STAGE_RT (undefined)","Narail (SW56.1) STAGE_RT (undefined)","Narayanganj (SW180) STAGE_RT (undefined)","Narayanhat (SW117) STAGE_RT (undefined)","Narsingdi (SW274) STAGE_RT (undefined)","Nazirpur (SW107A) STAGE_RT (undefined)","Netrokona (SW310) STAGE_RT (undefined)","Nilkamal (SW277.3) STAGE_RT (undefined)","Nizbari (SW44.1) STAGE_RT (undefined)","Noakhali (SW222) STAGE_RT (undefined)","Noarhat (SW14.5) STAGE_RT (undefined)","Nolsafa (SW342) STAGE_RT (undefined)","Offtake (SW4A) STAGE_RT (undefined)","Paikgacha (SW258) STAGE_RT (undefined)","Panchagar (SW140) STAGE_RT (undefined)","Panchpukuria (SW119.1) STAGE_RT (undefined)","Parshuram (SW212) STAGE_RT (undefined)","Pateswari (SW81) STAGE_RT (undefined)","Patgati (SW106) STAGE_RT (undefined)","Patgram (SW75) STAGE_RT (undefined)","Pathorghata (SW39) STAGE_RT (undefined)","Patuakhali (SW183.5) STAGE_RT (undefined)","Phulbari (SW132.2) STAGE_RT (undefined)","Phulbari (SW232) STAGE_RT (undefined)","Phulhat (SW236) STAGE_RT (undefined)","Piearapur (SW239.5) STAGE_RT (undefined)","Pirojpur (SW107) STAGE_RT (undefined)","Pocharhat (SW346) STAGE_RT (undefined)","Pran Nagar (SW235A) STAGE_RT (undefined)","Protapnagar (SW26) STAGE_RT (undefined)","Pubail (SW7) STAGE_RT (undefined)","Rajgonj (SW350) STAGE_RT (undefined)","Ramdia (SW51) STAGE_RT (undefined)","Ramkrishnapur (SW338.5) STAGE_RT (undefined)","Ramnagar (SW230.1) STAGE_RT (undefined)","Ramu (SW40) STAGE_RT (undefined)","Rangunia (SW125) STAGE_RT (undefined)","Raniganj (SW284) STAGE_RT (undefined)","Rawshonpur (SW57A) STAGE_RT (undefined)","Rayenda (SW107.2) STAGE_RT (undefined)","Rikabibazar (SW71A) STAGE_RT (undefined)","Rohanpur (SW238) STAGE_RT (undefined)","Saflapur_Moheshkhali (SW200) STAGE_RT (undefined)","Salda (SW339) STAGE_RT (undefined)","Salimganj (SW298.5) STAGE_RT (undefined)","Salutikar (SW252.1) STAGE_RT (undefined)","Sanamukhi (SW325) STAGE_RT (undefined)","Sarchapur (SW35.5) STAGE_RT (undefined)","Sariakandi (SW11A) STAGE_RT (undefined)","Sarighat (SW251) STAGE_RT (undefined)","Satnal (SW276) STAGE_RT (undefined)","Savar (SW69) STAGE_RT (undefined)","Selonia (SW181A) STAGE_RT (undefined)","Shaistaganj (SW158.1) STAGE_RT (undefined)","Shakra (SW128) STAGE_RT (undefined)","Shamijhiaghat (SW143) STAGE_RT (undefined)","Shantipur Police Camp (SW415) STAGE_RT (undefined)","Shaola Dubag (SW173) STAGE_RT (undefined)","Sherpur (SW175.5) STAGE_RT (undefined)","Shibganj (SW64) STAGE_RT (undefined)","Shimakhali Bridge (SW410) STAGE_RT (undefined)","Shimulbari (SW10) STAGE_RT (undefined)","Shuvopur (SW86) STAGE_RT (undefined)","Singra (SW147.5) STAGE_RT (undefined)","Siraj (SW62.5) STAGE_RT (undefined)","Sirajganj (SW49) STAGE_RT (undefined)","Sofiabad (SW138) STAGE_RT (undefined)","Solemanpur (SW354) STAGE_RT (undefined)","Subar Bazar (SW257.5) STAGE_RT (undefined)","Sunamganj (SW269) STAGE_RT (undefined)","Sutang Rly Br (SW280) STAGE_RT (undefined)","Swarupkathi (SW253) STAGE_RT (undefined)","Sylhet (SW267) STAGE_RT (undefined)","Tahirpur (SW161) STAGE_RT (undefined)","Tajumuddin (SW279) STAGE_RT (undefined)","Tala Magura (SW163) STAGE_RT (undefined)","Talora (SW312) STAGE_RT (undefined)","Taluksimulbari (SW76) STAGE_RT (undefined)","Taraghat (SW137A) STAGE_RT (undefined)","Telepari (SW120) STAGE_RT (undefined)","Thakurgaon (SW285) STAGE_RT (undefined)","Thanchi (SW247.4) STAGE_RT (undefined)","ThandaChari (SW124) STAGE_RT (undefined)","Tilli (SW68) STAGE_RT (undefined)","Toke (SW229) STAGE_RT (undefined)","Tongi khal (SW299) STAGE_RT (undefined)","Trimohini (SW9.5) STAGE_RT (undefined)","Tularampur Bridge (SW55.1) STAGE_RT (undefined)","Ullapara (SW66) STAGE_RT (undefined)","Umedpur (SW136.1) STAGE_RT (undefined)","Urargaon (SW337) STAGE_RT (undefined)","Uttargomanati (SW331) STAGE_RT (undefined)","Uzirpur (SW253A) STAGE_RT (undefined)","Zazira Padma Bridge (SW93.5R) STAGE_RT (undefined)"
"01/09/2025 00:00:00",,,3.863,5.152,13.049,,,,9.302,,6.478,,,,,,,12.837,,,,,,5.895,,,,,,,,20.989,,,,,,,,,,,,,,,21.484,,,,,,,,,,,,,,,,0.493,,,6.974,,,6.126,,51.96,,,,,,,3.377,3.166,5.181,,,,,,,,,8.075,5.944,,,,,8.868,,,,,,7.866,,,3.652,,,18.395,,5.582,4.703,3.36,3.856,,,,0.975,,,7.797,,,,7.903,5.787,,9.616,11.577,7.467,,13.006,,,3.692,,12.479,12.787,,10.083,10.618,9.084,,,,2.471,3.584,6.712,,5.812,0,,11.104,,,3.845,3.723,,,,,,,,5.269,,,,,18.004,,,,3.551,14.907,,,,3.614,0,11.799,6.443,0,,,,4.449,,,,0.916,12.081,6.542,2.729,4.481,,,,,,,,,,,,6.328,,,,13.104,,5.734,7.861,,5.731,3.392,17.635,,13.467,,9.091,,,,2.753,8.853,,,,1.555,,4.33,,10.105,,,,1.212,,,,,,,,,,,,,,0,3.729,,,,,1.078,0.922,,,,2.891,,0,,3.249,7.528,,9.498,,8.401,2.897,3.711,2.914,6.664,,,,11.285,,,,,,,,,6.68,5.842,,6.11,4.442,,,,,,11.707,,5.496,1.029,,25.713,8.352,6.478,3.471,,3.471,,8.97,,6.828,,,
"01/09/2025 00:15:00",,,3.862,5.151,13.048,,,,9.302,,6.477,,,,,,,12.839,,,,,,5.892,,,,,,,,20.993,,,,,,,,,,,,,,,21.484,,,,,,,,,,,,,,,,0.501,,,6.972,,,6.145,,51.961,,,,,,,3.369,3.16,5.181,,,,,,,,,8.075,5.944,,,,,8.867,,,,,,7.863,,,3.652,,,18.396,,5.581,4.704,3.358,3.855,,,,0.985,,,7.795,,,,7.9,5.786,,9.615,11.577,7.465,,13.005,,,3.694,,12.48,12.791,,10.084,10.619,9.084,,,,2.471,3.582,6.712,,5.811,0,,11.101,,,3.842,3.721,,,,,,,,5.268,,,,,18.004,,,,3.547,14.904,,,,3.614,0,11.801,6.442,0,,,,4.449,,,,0.917,12.082,6.541,2.723,4.478,,,,,,,,,,,,6.327,,,,13.117,,5.733,7.866,,5.733,3.39,17.633,,13.471,,9.091,,,,2.747,8.853,,,,1.586,,4.326,,10.106,,,,1.279,,,,,,,,,,,,,,0,3.728,,,,,1.067,0.942,,,,2.873,,0,,3.244,7.527,,9.495,,8.397,2.893,3.71,2.926,6.664,,,,11.284,,,,,,,,,6.676,5.841,,6.108,4.443,,,,,,11.705,,5.496,1.043,,25.708,8.352,6.478,3.47,,3.47,,8.971,,6.826,,,
"01/09/2025 00:30:00",,,3.861,5.151,13.047,,,,9.302,,6.476,,,,,,,12.841,,,,,,5.888,,,,,,,,20.997,,,,,,,,,,,,,,,21.484,,,,,,,,,,,,,,,,0.509,,,6.971,,,6.152,,51.961,,,,,,,3.362,3.154,5.18,,,,,,,,,8.075,5.943,,,,,8.867,,,,,,7.86,,,3.651,,,18.397,,5.581,4.705,3.355,3.854,,,,0.995,,,7.794,,,,7.898,5.786,,9.614,11.577,7.464,,13.004,,,3.696,,12.481,12.795,,10.085,10.62,9.083,,,,2.472,3.58,6.712,,5.81,0,,11.097,,,3.839,3.72,,,,,,,,5.268,,,,,18.005,,,,3.542,14.9,,,,3.613,0,11.803,6.44,0,,,,4.448,,,,0.917,12.083,6.541,2.717,4.476,,,,,,,,,,,,6.326,,,,13.128,,5.732,7.871,,5.736,3.387,17.632,,13.475,,9.091,,,,2.741,8.852,,,,1.616,,4.325,,10.106,,,,1.347,,,,,,,,,,,,,,0,3.728,,,,,1.051,0.962,,,,2.869,,0,,3.239,7.525,,9.491,,8.393,2.89,3.708,2.938,6.662,,,,11.283,,,,,,,,,6.672,5.841,,6.107,4.444,,,,,,11.704,,5.496,1.058,,25.704,8.352,6.478,3.469,,3.469,,8.971,,6.824,,,
"01/09/2025 00:45:00",,,3.861,5.15,13.046,,,,9.302,,6.475,,,,,,,12.843,,,,,,5.885,,,,,,,,21.001,,,,,,,,,,,,,,,21.484,,,,,,,,,,,,,,,,0.516,,,6.969,,,6.149,,51.962,,,,,,,3.354,3.148,5.18,,,,,,,,,8.074,5.942,,,,,8.867,,,,,,7.857,,,3.651,,,18.398,,5.58,4.706,3.353,3.852,,,,1.006,,,7.793,,,,7.896,5.786,,9.613,11.578,7.463,,13.002,,,3.698,,12.482,12.8,,10.086,10.621,9.083,,,,2.472,3.578,6.712,,5.809,0,,11.094,,,3.836,3.719,,,,,,,,5.267,,,,,18.006,,,,3.537,14.897,,,,3.613,0,11.805,6.438,0,,,,4.447,,,,0.917,12.084,6.54,2.711,4.475,,,,,,,,,,,,6.325,,,,13.139,,5.731,7.876,,5.739,3.385,17.63,,13.48,,9.091,,,,2.734,8.852,,,,1.646,,4.326,,10.107,,,,1.414,,,,,,,,,,,,,,0,3.727,,,,,1.028,0.982,,,,2.855,,0,,3.234,7.523,,9.487,,8.389,2.886,3.707,2.949,6.661,,,,11.281,,,,,,,,,6.669,5.84,,6.106,4.445,,,,,,11.702,,5.496,1.073,,25.699,8.353,6.478,3.468,,3.468,,8.971,,6.822,,,
"01/09/2025 01:00:00",,,3.86,5.15,13.045,,,,9.302,,6.474,,,,,,,12.846,,,,,,5.881,,,,,,,,21.005,,,,,,,,,,,,,,,21.484,,,,,,,,,,,,,,,,0.524,,,6.968,,,6.137,,51.962,,,,,,,3.347,3.142,5.179,,,,,,,,,8.074,5.941,,,,,8.866,,,,,,7.853,,,3.65,,,18.399,,5.579,4.706,3.351,3.851,,,,1.016,,,7.792,,,,7.893,5.785,,9.612,11.578,7.462,,13.001,,,3.7,,12.483,12.804,,10.086,10.621,9.083,,,,2.473,3.576,6.712,,5.808,0,,11.091,,,3.833,3.718,,,,,,,,5.267,,,,,18.007,,,,3.533,14.893,,,,3.613,0,11.807,6.436,0,,,,4.447,,,,0.918,12.085,6.54,2.705,4.474,,,,,,,,,,,,6.324,,,,13.148,,5.73,7.881,,5.741,3.382,17.628,,13.484,,9.091,,,,2.728,8.852,,,,1.676,,4.329,,10.109,,,,1.481,,,,,,,,,,,,,,0,3.727,,,,,1.001,1.002,,,,2.842,,0,,3.229,7.522,,9.484,,8.385,2.882,3.706,2.961,6.66,,,,11.28,,,,,,,,,6.665,5.84,,6.105,4.446,,,,,,11.7,,5.496,1.088,,25.694,8.353,6.478,3.466,,3.466,,8.972,,6.82,,,
"01/09/2025 01:15:00",,,3.859,5.149,13.044,,,,9.302,,6.473,,,,,,,12.848,,,,,,5.878,,,,,,,,21.009,,,,,,,,,,,,,,,21.485,,,,,,,,,,,,,,,,0.532,,,6.966,,,6.118,,51.963,,,,,,,3.339,3.136,5.179,,,,,,,,,8.074,5.941,,,,,8.866,,,,,,7.849,,,3.65,,,18.399,,5.579,4.707,3.349,3.85,,,,1.026,,,7.791,,,,7.891,5.785,,9.611,11.578,7.46,,13,,,3.702,,12.483,12.808,,10.087,10.622,9.083,,,,2.474,3.575,6.711,,5.807,0,,11.087,,,3.83,3.716,,,,,,,,5.266,,,,,18.008,,,,3.528,14.889,,,,3.612,0,11.809,6.434,0,,,,4.446,,,,0.918,12.087,6.539,2.699,4.474,,,,,,,,,,,,6.322,,,,13.157,,5.729,7.886,,5.744,3.38,17.625,,13.489,,9.091,,,,2.722,8.851,,,,1.707,,4.333,,10.11,,,,1.549,,,,,,,,,,,,,,0,3.726,,,,,0.969,1.021,,,,2.842,,0,,3.224,7.52,,9.48,,8.381,2.878,3.704,2.973,6.658,,,,11.279,,,,,,,,,6.661,5.839,,6.104,4.446,,,,,,11.698,,5.497,1.103,,25.69,8.353,6.478,3.464,,3.464,,8.972,,6.817,,,
"01/09/2025 01:30:00",,,3.858,5.149,13.044,,,,9.301,,6.472,,,,,,,12.85,,,,,,5.874,,,,,,,,21.014,,,,,,,,,,,,,,,21.485,,,,,,,,,,,,,,,,0.54,,,6.965,,,6.093,,51.964,,,,,,,3.331,3.13,5.179,,,,,,,,,8.074,5.94,,,,,8.865,,,,,,7.846,,,3.649,,,18.4,,5.578,4.706,3.346,3.849,,,,1.036,,,7.789,,,,7.889,5.785,,9.609,11.578,7.459,,12.999,,,3.704,,12.484,12.813,,10.088,10.623,9.082,,,,2.474,3.574,6.711,,5.807,0,,11.084,,,3.828,3.715,,,,,,,,5.265,,,,,18.008,,,,3.523,14.885,,,,3.612,0,11.81,6.433,0,,,,4.446,,,,0.919,12.088,6.539,2.693,4.474,,,,,,,,,,,,6.321,,,,13.166,,5.728,7.892,,5.746,3.377,17.623,,13.493,,9.092,,,,2.716,8.851,,,,1.737,,4.338,,10.112,,,,1.616,,,,,,,,,,,,,,0,3.725,,,,,0.935,1.041,,,,2.812,,0,,3.22,7.518,,9.476,,8.376,2.874,3.703,2.985,6.656,,,,11.278,,,,,,,,,6.657,5.839,,6.102,4.446,,,,,,11.697,,5.497,1.117,,25.685,8.353,6.477,3.462,,3.462,,8.972,,6.815,,,
"01/09/2025 01:45:00",,,3.857,5.149,13.043,,,,9.301,,6.471,,,,,,,12.853,,,,,,5.871,,,,,,,,21.018,,,,,,,,,,,,,,,21.485,,,,,,,,,,,,,,,,0.547,,,6.963,,,6.063,,51.964,,,,,,,3.324,3.124,5.178,,,,,,,,,8.074,5.939,,,,,8.864,,,,,,7.842,,,3.648,,,18.401,,5.577,4.706,3.344,3.847,,,,1.046,,,7.788,,,,7.887,5.784,,9.608,11.579,7.458,,12.997,,,3.706,,12.485,12.817,,10.088,10.623,9.082,,,,2.475,3.573,6.711,,5.806,0,,11.081,,,3.825,3.714,,,,,,,,5.265,,,,,18.009,,,,3.519,14.881,,,,3.612,0,11.812,6.431,0,,,,4.445,,,,0.919,12.089,6.538,2.687,4.474,,,,,,,,,,,,6.32,,,,13.173,,5.727,7.897,,5.748,3.374,17.62,,13.498,,9.092,,,,2.71,8.851,,,,1.767,,4.345,,10.113,,,,1.683,,,,,,,,,,,,,,0,3.725,,,,,0.898,1.061,,,,2.796,,0,,3.215,7.517,,9.473,,8.372,2.87,3.702,2.997,6.653,,,,11.277,,,,,,,,,6.653,5.838,,6.101,4.446,,,,,,11.695,,5.497,1.132,,25.68,8.353,6.477,3.46,,3.46,,8.973,,6.813,,,
"01/09/2025 02:00:00",,,3.857,5.148,13.042,,,,9.301,,6.47,,,,,,,12.855,,,,,,5.867,,,,,,,,21.022,,,,,,,,,,,,,,,21.485,,,,,,,,,,,,,,,,0.555,,,6.962,,,6.031,,51.965,,,,,,,3.316,3.118,5.178,,,,,,,,,8.074,5.938,,,,,8.864,,,,,,7.839,,,3.647,,,18.402,,5.577,4.705,3.342,3.846,,,,1.056,,,7.787,,,,7.885,5.784,,9.607,11.579,7.456,,12.996,,,3.709,,12.485,12.821,,10.089,10.624,9.082,,,,2.475,3.572,6.711,,5.805,0,,11.077,,,3.822,3.713,,,,,,,,5.264,,,,,18.01,,,,3.514,14.878,,,,3.612,0,11.814,6.429,0,,,,4.444,,,,0.919,12.09,6.538,2.681,4.474,,,,,,,,,,,,6.319,,,,13.179,,5.726,7.902,,5.75,3.372,17.617,,13.502,,9.092,,,,2.703,8.85,,,,1.797,,4.352,,10.115,,,,1.75,,,,,,,,,,,,,,0,3.724,,,,,0.859,1.081,,,,2.78,,0,,3.21,7.515,,9.469,,8.368,2.867,3.701,3.008,6.651,,,,11.275,,,,,,,,,6.65,5.838,,6.1,4.445,,,,,,11.693,,5.497,1.147,,25.675,8.354,6.477,3.457,,3.457,,8.973,,6.811,,,
"01/09/2025 02:15:00",,,3.856,5.148,13.041,,,,9.301,,6.469,,3.991,,,,,12.857,,,,,,5.864,,,,,,,,21.026,,,,,,,,,,,,,,,21.485,,,,,,,,,,,,,,,,0.563,,,6.96,,,5.996,,51.965,,,,,,,3.309,3.112,5.177,,,,,,,,,8.074,5.937,,,,,8.864,,,,,,7.835,,,3.647,,,18.403,,5.576,4.703,3.339,3.845,,,,1.066,,,7.786,,,,7.883,5.784,,9.606,11.579,7.454,,12.995,,,3.712,,12.486,12.826,,10.09,10.625,9.081,,,,2.476,3.571,6.711,,5.804,0,,11.074,,,3.819,3.711,,,,,,,,5.264,,,,,18.011,,,,3.509,14.875,,,,3.611,0,11.816,6.428,0,,,,4.444,,,,0.92,12.091,6.537,2.675,4.474,,,,,,,,,,,,6.318,,,,13.185,,5.725,7.907,,5.75,3.369,17.614,,13.506,,9.092,,,,2.697,8.85,,,,1.827,,4.36,,10.116,,,,1.818,,,,,,,,,,,,,,0,3.724,,,,,0.82,1.101,,,,2.775,,0,,3.205,7.513,,9.465,,8.364,2.863,3.699,3.02,6.648,,,,11.274,,,,,,,,,6.646,5.837,,6.099,4.444,,,,,,11.692,,5.497,1.162,,25.671,8.354,6.477,3.455,,3.455,,8.973,,6.809,,,
"01/09/2025 02:30:00",,,3.855,5.147,13.04,,,,9.301,,6.468,,3.989,,,,,12.859,,,,,,5.86,,,,,,,,21.03,,,,,,,,,,,,,,,21.485,,,,,,,,,,,,,,,,0.571,,,6.959,,,5.962,,51.966,,,,,,,3.301,3.106,5.177,,,,,,,,,8.073,5.937,,,,,8.863,,,,,,7.832,,,3.646,,,18.404,,5.575,4.701,3.337,3.844,,,,1.076,,,7.784,,,,7.88,5.783,,9.605,11.579,7.452,,12.993,,,3.715,,12.487,12.83,,10.091,10.626,9.08,,,,2.476,3.571,6.711,,5.803,0,,11.071,,,3.816,3.71,,,,,,,,5.263,,,,,18.011,,,,3.505,14.872,,,,3.611,0,11.818,6.426,0,,,,4.443,,,,0.92,12.092,6.536,2.669,4.473,,,,,,,,,,,,6.317,,,,13.19,,5.724,7.912,,5.751,3.367,17.61,,13.51,,9.092,,,,2.691,8.849,,,,1.858,,4.368,,10.118,,,,1.885,,,,,,,,,,,,,,0,3.723,,,,,0.781,1.12,,,,2.777,,0,,3.2,7.512,,9.462,,8.36,2.859,3.698,3.032,6.645,,,,11.273,,,,,,,,,6.642,5.837,,6.097,4.442,,,,,,11.69,,5.497,1.176,,25.666,8.354,6.477,3.453,,3.453,,8.974,,6.807,,,
"01/09/2025 02:45:00",,,3.854,5.147,13.039,,,,9.301,,6.467,,3.988,,,,,12.862,,,,,,5.857,,,,,,,,21.034,,,,,,,,,,,,,,,21.485,,,,,,,,,,,,,,,,0.578,,,6.957,,,5.928,,51.966,,,,,,,3.294,3.1,5.176,,,,,,,,,8.073,5.936,,,,,8.862,,,,,,7.829,,,3.645,,,18.405,,5.574,4.698,3.335,3.842,,,,1.086,,,7.783,,,,7.878,5.783,,9.604,11.58,7.45,,12.992,,,3.719,,12.487,12.834,,10.091,10.626,9.079,,,,2.477,3.571,6.711,,5.802,0,,11.067,,,3.813,3.709,,,,,,,,5.263,,,,,18.012,,,,3.5,14.87,,,,3.611,0,11.82,6.424,0,,,,4.442,,,,0.92,12.093,6.536,2.663,4.472,,,,,,,,,,,,6.316,,,,13.194,,5.723,7.918,,5.75,3.364,17.607,,13.513,,9.092,,,,2.685,8.849,,,,1.888,,4.376,,10.119,,,,1.952,,,,,,,,,,,,,,0,3.723,,,,,0.742,1.14,,,,2.769,,0,,3.195,7.51,,9.458,,8.356,2.855,3.697,3.044,6.642,,,,11.272,,,,,,,,,6.638,5.836,,6.096,4.439,,,,,,11.688,,5.497,1.191,,25.661,8.354,6.477,3.45,,3.45,,8.974,,6.805,,,
"01/09/2025 03:00:00",,,3.853,5.147,13.038,,,,9.301,,6.466,,3.988,,,,,12.864,,,,,,5.853,,,,,,,,21.038,,,,,,,,,,,,,,,21.485,,,,,,,,,,,,,,,,0.586,,,6.956,,,5.897,,51.967,,,,,,,3.286,3.094,5.176,,,,,,,,,8.073,5.935,,,,,8.862,,,,,,7.827,,,3.644,,,18.406,,5.573,4.695,3.332,3.841,,,,1.096,,,7.782,,,,7.876,5.782,,9.603,11.58,7.448,,12.991,,,3.723,,12.488,12.839,,10.092,10.627,9.078,,,,2.478,3.571,6.71,,5.801,0,,11.064,,,3.81,3.708,,,,,,,,5.262,,,,,18.013,,,,3.496,14.868,,,,3.61,0,11.822,6.423,0,,,,4.442,,,,0.921,12.095,6.535,2.657,4.47,,,,,,,,,,,,6.315,,,,13.197,,5.722,7.923,,5.749,3.361,17.603,,13.516,,9.092,,,,2.679,8.848,,,,1.918,,4.383,,10.121,,,,2.02,,,,,,,,,,,,,,0,3.722,,,,,0.705,1.16,,,,2.777,,0,,3.19,7.509,,9.455,,8.352,2.851,3.695,3.056,6.638,,,,11.271,,,,,,,,,6.634,5.836,,6.095,4.435,,,,,,11.687,,5.497,1.206,,25.657,8.354,6.477,3.448,,3.448,,8.975,,6.803,,,
"01/09/2025 03:15:00",,,3.852,5.146,13.037,,,,9.301,,6.465,,3.987,,,,,12.866,,,,,,5.85,,,,,,,,21.042,,,,,,,,,,,,,,,21.486,,,,,,,,,,,,,,,,0.594,,,6.954,,,5.87,,51.967,,,,,,,3.279,3.088,5.175,,,,,,,,,8.073,5.934,,,,,8.861,,,,,,7.825,,,3.643,,,18.406,,5.572,4.69,3.33,3.84,,,,1.106,,,7.781,,,,7.873,5.782,,9.602,11.58,7.445,,12.99,,,3.728,,12.489,12.843,,10.093,10.628,9.077,,,,2.478,3.572,6.71,,5.8,0,,11.061,,,3.808,3.706,,,,,,,,5.262,,,,,18.014,,,,3.491,14.867,,,,3.61,0,11.824,6.421,0,,,,4.441,,,,0.921,12.096,6.535,2.651,4.466,,,,,,,,,,,,6.314,,,,13.199,,5.721,7.929,,5.746,3.359,17.599,,13.519,,9.092,,,,2.673,8.847,,,,1.948,,4.391,,10.121,,,,2.087,,,,,,,,,,,,,,0,3.722,,,,,0.67,1.18,,,,2.786,,0,,3.186,7.507,,9.451,12.258,8.347,2.848,3.694,3.068,6.635,,,,11.27,,,,,,,,,6.63,5.835,,6.094,4.431,,,,,,11.685,,5.497,1.221,,25.652,8.354,6.476,3.445,,3.445,,8.975,,6.801,,,
"01/09/2025 03:30:00",,,3.852,5.146,13.036,,,,9.301,,6.464,,3.987,,,,,12.868,,,,,,5.846,,,,,,,,21.046,,,,,,,,,,,,,,,21.486,,,,,,,,,,,,,,,,0.602,,,6.953,,,5.848,,51.968,,,,,,,3.271,3.082,5.175,,,,,,,,,8.073,5.934,,,,,8.861,,,,,,7.823,,,3.642,,,18.407,,5.571,4.685,3.328,3.839,,,,1.116,,,7.779,,,,7.871,5.782,,9.601,11.58,7.442,,12.988,,,3.734,,12.489,12.847,,10.094,10.629,9.075,,,,2.479,3.573,6.71,,5.799,0,,11.057,,,3.805,3.705,,,,,,,,5.261,,,,,18.014,,,,3.486,14.866,,,,3.61,0,11.826,6.42,0,,,,4.441,,,,0.922,12.097,6.534,2.645,4.462,,,,,,,,,,,,6.313,,,,13.201,,5.72,7.934,,5.743,3.356,17.595,,13.521,,9.092,,,,2.666,8.846,,,,1.979,,4.397,,10.122,,,,2.154,,,,,,,,,,,,,,0,3.721,,,,,0.638,1.199,,,,2.795,,0,,3.181,7.505,,9.447,12.261,8.343,2.844,3.693,3.079,6.63,,,,11.268,,,,,,,,,6.627,5.835,,6.092,4.426,,,,,,11.683,,5.497,1.235,,25.647,8.355,6.476,3.443,,3.443,,8.975,,6.799,,,
"01/09/2025 03:45:00",,,3.851,5.145,13.035,,7.465,,9.301,,6.463,,3.988,,,,,12.871,,,,,,5.843,,83.065,,,,,,21.05,,,,,,,,,,,,,,,21.486,,,,,,,,,,,,,,,,0.609,,17.238,6.951,,,5.833,1.082,51.968,,,,,,,3.264,3.076,5.174,,9.533,37.159,,,,8.919,4.806,8.072,5.933,25.636,,1.377,,8.861,,,,,,7.822,,,3.641,,,18.408,,5.57,4.679,3.325,3.837,,,,1.126,,,7.778,,,,7.868,5.781,,9.6,11.581,7.438,,12.987,,,3.74,,12.49,12.852,,10.094,10.629,9.073,,,,2.479,3.574,6.71,,5.798,0,,11.054,,,3.802,3.704,,,,,,,36.63,5.261,,,,,18.015,,,,3.482,14.867,,,,3.609,0,11.828,6.418,0,,,,4.44,,,,0.922,12.098,6.534,2.639,4.456,,,,,,,,21.83,,,,6.312,,,,13.201,,5.719,7.94,,5.739,3.354,17.591,,13.522,,9.092,,,,2.66,8.845,,,,2.009,32.311,4.403,,10.122,,,,2.222,,,,,0.056,,,,,,,,,0,3.721,2.981,,,,0.61,1.219,,,,2.819,,0,4.233,3.176,7.504,,9.444,12.263,8.339,2.84,3.691,3.091,6.626,,30.445,,11.267,,,,,,,,,6.623,5.834,,6.091,4.419,,,,,,11.682,,5.497,1.25,,25.643,8.355,6.476,3.441,,3.441,,8.976,,6.797,57.789,,
"01/09/2025 04:00:00",,1.675,3.85,5.145,13.034,0.324,7.459,3.174,9.301,1.215,6.462,11.836,,,1.28,0.183,9.005,12.873,,15.934,0.874,,0.451,5.839,,83.063,9.031,32.561,1.275,1.701,7.591,21.054,12.41,3.936,1.23,0.662,3.524,3.097,3.382,,1.906,73.073,1.086,10.255,35.217,,21.486,27.813,11.347,48.312,0.282,0.537,,36.287,18.696,17.378,,9.895,4.928,,18.684,-0.328,0.617,,17.229,6.946,1.233,7.329,5.826,0.905,51.969,52.003,2.603,6.384,,1.665,51.372,3.256,3.07,5.174,,9.532,37.158,3.871,51.921,1.59,8.917,4.802,8.072,5.932,25.56,8.333,1.243,3.88,8.86,19.438,,5.126,58.26,3.715,7.822,7.413,3.477,3.64,10.305,1.765,18.409,9.177,5.569,4.672,3.323,3.836,1.864,2.659,,1.136,,1.675,7.777,,,29.18,7.865,5.781,,9.599,11.581,7.434,0.887,13.07,4.48,3.295,3.747,4.806,12.491,12.856,14.717,10.095,10.63,9.071,2.726,0.93,1.853,2.48,3.575,6.711,,5.797,1.07,6.706,11.056,,35.879,3.799,3.708,,28.816,0.663,,10.737,2.751,36.625,5.26,9.189,43.294,2.052,0.129,18.016,0.754,1.099,30.864,3.477,14.868,,34.62,24.283,3.609,2.003,11.83,6.417,-0.241,1.926,2.537,8.852,4.436,2.051,1.994,14.2,0.927,12.104,6.533,2.633,4.448,,4.872,,,0.496,3.767,7.463,21.83,-9999999,4.913,,6.311,66.752,33.05,4.212,13.201,2.412,5.718,7.946,3.736,5.733,3.351,17.587,12.035,13.523,8.992,9.092,12.16,13.073,1.667,2.654,8.844,3.108,0.843,,2.039,32.312,4.407,,10.122,3.727,0.514,65.282,2.289,6.783,,,56.962,0.036,0.48,25.446,47.604,28.7,,0.492,,40.281,-0.412,3.72,2.993,6.015,18.678,,0.587,1.239,,88.024,0.144,2.844,18.721,-0.479,4.231,3.171,7.502,12.333,9.44,12.261,8.335,2.863,3.69,3.103,6.621,-0.562,30.437,,11.266,,,3.65,13.187,0.822,11.32,20.079,11.68,6.619,5.836,,6.09,4.412,0.813,,4.291,1.262,1.13,11.68,27.983,5.497,1.265,46.089,25.638,8.355,6.476,3.439,3.69,3.439,1.951,8.976,0.579,6.798,57.789,1.098,4.321
"01/09/2025 04:15:00",,1.639,3.853,5.142,13.034,0.31,7.466,3.174,9.3,1.209,6.462,11.832,,,1.294,0.148,9.004,12.858,,15.933,0.868,,0.424,5.833,,83.059,9.032,32.561,1.273,1.701,7.59,21.051,12.418,3.937,1.192,0.642,3.529,3.097,3.38,,1.937,73.067,1.074,10.254,35.218,,21.486,27.813,11.345,48.312,0.271,0.526,,36.281,18.7,17.381,,9.895,4.84,,18.684,-0.398,0.59,,17.217,6.943,1.217,7.328,5.825,0.732,51.967,52.006,2.664,6.384,,1.596,51.366,3.265,3.056,5.172,,9.53,37.157,3.868,51.921,1.529,8.915,4.804,8.071,5.93,25.482,8.331,1.11,3.875,8.858,19.441,,5.154,58.255,3.715,7.822,7.385,3.487,3.639,10.304,1.779,18.41,9.178,5.569,4.666,3.323,3.833,1.862,2.674,,1.038,,1.674,7.774,,,29.18,7.862,5.783,,9.605,11.586,7.43,0.88,12.788,4.478,3.289,3.753,4.808,12.492,12.861,14.716,10.093,10.628,9.069,2.711,0.932,1.831,2.479,3.575,6.713,,5.797,0.939,6.711,11.05,,35.876,3.842,3.708,,28.819,0.641,,10.739,2.751,36.622,5.259,9.185,43.288,2.038,0.166,18.017,0.656,1.087,30.863,3.474,14.869,,34.621,24.316,3.609,2.015,11.829,6.416,-0.266,1.909,2.532,8.852,4.441,2.059,2.011,14.21,0.93,12.101,6.536,2.69,4.447,,4.871,,,0.476,3.801,7.467,21.826,-9999999,4.93,,6.31,66.751,33.05,4.213,13.202,2.409,5.728,7.952,3.732,5.728,3.348,17.584,12.034,13.524,8.99,9.091,12.16,13.071,1.645,2.659,8.843,3.102,0.834,,2.056,32.309,4.409,,10.121,3.737,0.414,65.277,2.202,6.783,,,56.958,0.045,0.461,25.444,47.598,28.692,1.897,0.474,,40.281,-0.43,3.711,2.989,6.015,18.677,,0.568,1.12,,88.024,0.122,2.874,18.716,-0.479,4.23,3.168,7.506,12.332,9.435,12.263,8.332,2.894,3.689,3.089,6.616,-0.639,30.416,,11.275,,,3.65,13.188,0.833,11.318,20.078,11.679,6.616,5.832,,6.092,4.407,0.794,,4.29,1.173,1.096,11.678,27.978,5.495,1.135,46.097,25.64,8.354,6.477,3.437,3.689,3.437,1.931,8.975,0.55,6.797,57.788,1.103,4.296
"01/09/2025 04:30:00",,1.606,3.851,5.143,13.034,0.294,7.457,3.174,9.3,1.211,6.461,11.836,,,1.308,0.112,9.01,12.864,,15.933,0.864,,0.416,5.825,,83.056,9.032,32.559,1.283,1.701,,21.051,,3.936,1.156,0.62,3.517,3.096,3.374,,1.967,73.062,1.071,,35.216,,21.486,27.812,11.344,48.31,0.251,0.521,,36.275,18.702,17.384,,9.892,4.767,,18.687,-0.453,0.574,,17.206,6.946,1.197,7.328,5.819,0.573,51.963,,2.709,6.383,,1.525,51.361,3.27,3.077,5.174,,9.529,37.156,,51.921,1.467,8.919,4.801,8.068,5.923,25.413,8.33,0.985,3.882,8.857,19.44,,,58.25,3.717,7.822,7.386,3.478,3.638,10.311,1.794,18.41,9.178,5.569,4.667,3.32,3.834,1.866,,,0.971,,1.674,7.773,,,29.179,7.862,5.778,,9.596,11.587,7.428,0.871,13.143,4.477,3.285,3.752,4.808,12.493,12.865,14.715,10.091,10.63,9.069,2.714,0.935,1.82,2.478,3.574,6.709,,5.797,0,6.712,11.045,,35.866,3.839,3.707,,28.816,0.62,,10.74,2.751,36.623,5.259,9.189,43.283,2.024,0.228,18.013,0.566,1.089,30.861,3.476,14.866,,34.619,24.329,3.609,2.027,11.822,6.416,-0.267,1.878,2.541,,4.438,2.072,2.026,14.218,0.933,12.101,6.536,2.744,4.477,,4.87,,,0.462,3.806,,21.829,-9999999,4.928,,6.309,66.748,,4.208,13.203,2.409,5.722,7.958,3.736,5.73,3.344,17.58,12.036,13.527,8.988,9.091,12.16,13.074,1.629,2.67,8.843,3.099,0.818,,2.058,32.309,4.407,,10.119,3.722,0.321,,2.112,,,,56.956,0.047,0.447,25.445,47.591,28.69,1.925,0.451,,40.281,-0.426,3.716,2.997,6.015,18.678,,0.549,1.014,,88.021,0.099,2.911,18.719,-0.474,4.228,3.167,7.504,12.331,9.434,12.262,8.325,2.923,3.688,3.079,6.616,-0.703,30.406,,11.26,,,3.645,13.186,,11.32,20.079,11.682,6.614,5.826,,6.093,4.414,0.774,,4.288,1.072,1.062,11.677,27.973,5.494,1.027,46.098,25.632,8.353,6.479,3.434,,3.434,,8.976,0.524,6.796,57.788,1.108,4.295
"01/09/2025 04:45:00",,,3.847,5.143,13.036,,,3.173,9.299,,6.46,,,,,,,12.864,,,,,0.41,5.817,,,,32.559,,,,21.045,,3.935,1.121,,3.516,,3.369,,,,,,,,21.486,27.811,,48.309,,0.513,,,,,,,4.703,,,-0.498,0.557,,,6.944,,,5.814,,51.963,,2.747,6.382,,,,3.282,3.089,5.173,,9.528,,,,1.405,,,8.067,5.922,,,,,8.859,,,,,3.717,7.821,,,3.637,10.312,,18.41,,5.569,4.669,3.32,3.834,1.866,,,0.904,,1.672,7.772,,,,7.861,5.778,,9.595,11.587,7.427,,13.138,,,3.751,,12.495,12.869,,10.091,10.631,9.07,,,1.804,2.476,3.572,6.709,,5.796,0,,11.042,,,3.838,3.706,,,,,,,,5.258,,43.277,,0.292,18.013,,,30.86,3.482,14.862,,,24.327,3.609,0,11.825,6.415,0,1.86,,,4.437,2.084,2.038,,0.93,12.103,6.537,2.76,4.51,,4.869,,,,3.809,,,,,,6.309,,,,13.203,,5.723,7.964,,5.734,3.343,17.576,,13.524,8.99,9.092,,,,2.684,8.842,,,,2.035,,4.407,,10.119,,,,2.024,,,,56.953,,,,,,1.951,,,40.281,0,3.715,3.008,6.014,,,0.531,0.908,,,,2.954,18.721,0,,3.168,7.501,,9.43,,8.322,2.935,3.686,3.065,6.616,,,,11.26,,,,,,11.32,,,6.609,5.826,,6.092,4.421,,,,,,11.675,27.969,5.494,0.919,,25.629,8.352,6.479,3.43,,3.43,,8.976,,6.794,,,
"01/09/2025 05:00:00",,,3.846,5.143,13.035,,,,9.298,,6.459,,,,,,,12.864,,,,,,5.81,,,,,,,,21.041,,,,,,,,,,,,,,,21.486,,,,,,,,,,,,,,,,0.541,,,6.943,,,5.809,,51.964,,,,,,,3.294,3.1,5.173,,,,,,,,,8.066,5.922,,,,,8.859,,,,,,7.82,,,3.636,,,18.41,,5.568,4.67,3.321,3.835,,,,0.837,,,7.77,,,,7.857,5.778,,9.593,11.588,7.425,,13.133,,,3.751,,12.497,12.873,,10.091,10.632,9.071,,,,2.475,3.569,6.709,,5.795,0,,11.04,,,3.836,3.704,,,,,,,,5.257,,,,,18.014,,,,3.488,14.859,,,,3.608,0,11.828,6.414,0,,,,4.436,,,,0.928,12.104,6.537,2.775,4.538,,,,,,,,,,,,6.308,,,,13.202,,5.723,7.97,,5.739,3.341,17.572,,13.52,,9.092,,,,2.698,8.84,,,,2.012,,4.408,,10.12,,,,1.94,,,,,,,,,,,,,,0,3.714,,,,,0.516,0.802,,,,2.976,,0,,3.17,7.498,,9.427,,8.319,2.947,3.684,3.051,6.614,,,,11.259,,,,,,,,,6.606,5.825,,6.091,4.426,,,,,,11.673,,5.494,0.812,,25.625,8.351,6.479,3.427,,3.427,,8.977,,6.792,,,
"01/09/2025 05:15:00",,,3.845,5.142,13.035,,,,9.297,,6.459,,,,,,,12.864,,,,,,5.802,,,,,,,,21.038,,,,,,,,,,,,,,,21.485,,,,,,,,,,,,,,,,0.524,,,6.941,,,5.803,,51.964,,,,,,,3.306,3.112,5.172,,,,,,,,,8.066,5.922,,,,,8.859,,,,,,7.818,,,3.635,,,18.41,,5.568,4.67,3.321,3.835,,,,0.769,,,7.769,,,,7.852,5.777,,9.592,11.588,7.423,,13.128,,,3.752,,12.499,12.878,,10.091,10.633,9.071,,,,2.473,3.564,6.709,,5.794,0,,11.037,,,3.835,3.703,,,,,,,,5.256,,,,,18.014,,,,3.494,14.856,,,,3.608,0,11.831,6.413,0,,,,4.436,,,,0.925,12.106,6.538,2.791,4.561,,,,,,,,,,,,6.307,,,,13.201,,5.723,7.975,,5.743,3.34,17.569,,13.517,,9.093,,,,2.712,8.837,,,,1.988,,4.408,,10.122,,,,1.856,,,,,,,,,,,,,,0,3.713,,,,,0.502,0.697,,,,3.008,,0,,3.171,7.496,,9.424,,8.315,2.959,3.682,3.038,6.611,,,,11.259,,,,,,,,,6.603,5.825,,6.089,4.427,,,,,,11.671,,5.495,0.704,,25.622,8.351,6.479,3.423,,3.423,,8.977,,6.79,,,
"01/09/2025 05:30:00",,,3.845,5.142,13.034,,,,9.296,,6.458,,,,,,,12.864,,,,,,5.795,,,,,,,,21.034,,,,,,,,,,,,,,,21.485,,,,,,,,,,,,,,,,0.508,,,6.94,,,5.797,,51.964,,,,,,,3.318,3.124,5.171,,,,,,,,,8.064,5.921,,,,,8.859,,,,,,7.816,,,3.634,,,18.41,,5.567,4.669,3.321,3.836,,,,0.702,,,7.767,,,,7.845,5.777,,9.59,11.589,7.422,,13.123,,,3.754,,12.502,12.882,,10.091,10.634,9.072,,,,2.472,3.56,6.709,,5.793,0,,11.034,,,3.833,3.702,,,,,,,,5.255,,,,,18.015,,,,3.501,14.853,,,,3.607,0,11.834,6.412,0,,,,4.435,,,,0.922,12.108,6.538,2.806,4.579,,,,,,,,,,,,6.307,,,,13.199,,5.723,7.981,,5.747,3.339,17.565,,13.514,,9.094,,,,2.726,8.834,,,,1.965,,4.408,,10.124,,,,1.773,,,,,,,,,,,,,,0,3.712,,,,,0.49,0.591,,,,3.044,,0,,3.173,7.493,,9.421,,8.312,2.971,3.68,3.024,6.607,,,,11.259,,,,,,,,,6.601,5.824,,6.088,4.426,,,,,,11.669,,5.495,0.596,,25.619,8.35,6.479,3.419,,3.419,,8.977,,6.788,,,
"01/09/2025 05:45:00",,,3.844,5.142,13.034,,,,9.295,,6.457,,,,,,,12.864,,,,,,5.787,,,,,,,,21.03,,,,,,,,,,,,,,,21.485,,,,,,,,,,,,,,,,0.492,,,6.938,,,5.79,,51.964,,,,,,,3.33,3.136,5.171,,,,,,,,,8.063,5.921,,,,,8.859,,,,,,7.814,,,3.633,,,18.41,,5.566,4.667,3.322,3.836,,,,0.635,,,7.766,,,,7.838,5.777,,9.589,11.59,7.42,,13.118,,,3.756,,12.504,12.886,,10.091,10.635,9.073,,,,2.47,3.566,6.709,,5.792,0,,11.031,,,3.832,3.7,,,,,,,,5.254,,,,,18.015,,,,3.507,14.851,,,,3.607,0,11.837,6.412,0,,,,4.434,,,,0.92,12.109,6.539,2.822,4.593,,,,,,,,,,,,6.306,,,,13.196,,5.723,7.986,,5.751,3.337,17.562,,13.512,,9.094,,,,2.74,8.83,,,,1.942,,4.407,,10.127,,,,1.689,,,,,,,,,,,,,,0,3.711,,,,,0.479,0.485,,,,3.059,,0,,3.174,7.49,,9.418,,8.309,2.983,3.678,3.01,6.603,,,,11.258,,,,,,,,,6.598,5.824,,6.087,4.424,,,,,,11.667,,5.495,0.488,,25.615,8.349,6.479,3.415,,3.415,,8.977,,6.786,,,
"01/09/2025 06:00:00",,,3.843,5.141,13.033,,,,9.294,,6.456,,,,,,,12.864,,,,,,5.78,,,,,,,,21.027,,,,,,,,,,,,,,,21.485,,,,,,,,,,,,,,,,0.475,,,6.936,,,5.783,,51.965,,,,,,,3.343,3.147,5.17,,,,,,,,,8.061,5.921,,,,,8.859,,,,,,7.811,,,3.632,,,18.41,,5.565,4.665,3.322,3.837,,,,0.568,,,7.764,,,,7.832,5.777,,9.588,11.59,7.418,,13.114,,,3.759,,12.505,12.89,,10.091,10.636,9.073,,,,2.469,3.573,6.708,,5.791,0,,11.029,,,3.83,3.699,,,,,,,,5.253,,,,,18.016,,,,3.513,14.85,,,,3.607,0,11.84,6.411,0,,,,4.434,,,,0.917,12.111,6.539,2.838,4.602,,,,,,,,,,,,6.305,,,,13.192,,5.723,7.991,,5.754,3.336,17.558,,13.51,,9.095,,,,2.754,8.827,,,,1.919,,4.407,,10.129,,,,1.605,,,,,,,,,,,,,,0,3.709,,,,,0.471,0.379,,,,3.098,,0,,3.176,7.487,,9.415,,8.305,2.995,3.675,2.997,6.599,,,,11.258,,,,,,,,,6.595,5.823,,6.085,4.42,,,,,,11.665,,5.495,0.381,,25.612,8.348,6.479,3.412,,3.412,,8.977,,6.784,,,
"01/09/2025 06:15:00",,,3.842,5.141,13.033,,,,9.294,,6.455,,,,,,,12.863,,,,,,5.772,,,,,,,,21.023,,,,,,,,,,,,,,,21.484,,,,,,,,,,,,,,,,0.459,,,6.935,,,5.775,,51.965,,,,,,,3.355,3.159,5.169,,,,,,,,,8.06,5.921,,,,,8.859,,,,,,7.808,,,3.631,,,18.409,,5.563,4.663,3.322,3.837,,,,0.501,,,7.763,,,,7.826,5.777,,9.586,11.591,7.416,,13.109,,,3.762,,12.507,12.894,,10.091,10.636,9.072,,,,2.467,3.576,6.708,,5.79,0,,11.026,,,3.829,3.698,,,,,,,,5.251,,,,,18.016,,,,3.519,14.849,,,,3.606,0,11.844,6.41,0,,,,4.433,,,,0.914,12.112,6.54,2.853,4.608,,,,,,,,,,,,6.304,,,,13.188,,5.722,7.996,,5.755,3.335,17.556,,13.508,,9.096,,,,2.768,8.824,,,,1.896,,4.406,,10.131,,,,1.521,,,,,,,,,,,,,,0,3.708,,,,,0.463,0.273,,,,3.09,,0,,3.177,7.485,,9.411,,8.302,3.007,3.673,2.983,6.596,,,,11.258,,,,,,,,,6.592,5.823,,6.084,4.416,,,,,,11.664,,5.495,0.273,,25.609,8.348,6.48,3.409,,3.409,,8.978,,6.782,,,
"01/09/2025 06:30:00",,,3.841,5.14,13.032,,,,9.293,,6.454,,,,,,,12.863,,,,,,5.764,,,,,,,,21.02,,,,,,,,,,,,,,,21.484,,,,,,,,,,,,,,,,0.443,,,6.933,,,5.766,,51.965,,,,,,,3.367,3.171,5.169,,,,,,,,,8.058,5.921,,,,,8.859,,,,,,7.805,,,3.63,,,18.409,,5.562,4.66,3.323,3.838,,,,0.434,,,7.762,,,,7.822,5.777,,9.585,11.592,7.413,,13.104,,,3.764,,12.507,12.898,,10.091,10.637,9.071,,,,2.465,3.584,6.708,,5.789,0,,11.023,,,3.828,3.696,,,,,,,,5.25,,,,,18.016,,,,3.525,14.848,,,,3.606,0,11.847,6.409,0,,,,4.432,,,,0.912,12.114,6.54,2.869,4.611,,,,,,,,,,,,6.304,,,,13.184,,5.722,8.001,,5.755,3.333,17.553,,13.507,,9.096,,,,2.782,8.822,,,,1.873,,4.405,,10.132,,,,1.437,,,,,,,,,,,,,,0,3.707,,,,,0.457,0.167,,,,3.124,,0,,3.179,7.482,,9.408,,8.299,3.019,3.671,2.97,6.594,,,,11.257,,,,,,,,,6.589,5.822,,6.083,4.411,,,,,,11.662,,5.495,0.165,,25.605,8.347,6.48,3.407,,3.407,,8.978,,6.78,,,
"01/09/2025 06:45:00",,,3.84,5.14,13.032,,,,9.292,,6.454,,,,,,,12.863,,,,,,5.757,,,,,,,,21.016,,,,,,,,,,,,,,,21.484,,,,,,,,,,,,,,,,0.426,,,6.932,,,5.758,,51.965,,,,,,,3.379,3.183,5.168,,,,,,,,,8.056,5.921,,,,,8.859,,,,,,7.802,,,3.629,,,18.409,,5.561,4.658,3.323,3.838,,,,0.366,,,7.76,,,,7.82,5.776,,9.583,11.592,7.41,,13.099,,,3.766,,12.507,12.903,,10.091,10.638,9.069,,,,2.464,3.58,6.708,,5.788,0,,11.02,,,3.826,3.695,,,,,,,,5.249,,,,1.046,18.017,,,,3.531,14.849,,,,3.605,0,11.85,6.408,0,,,,4.431,,,,0.909,12.116,6.541,2.884,4.61,,,,,,,,,,,,6.303,,,,13.179,,5.722,8.005,,5.753,3.332,17.55,,13.505,,9.097,,,,2.796,8.822,,,,1.849,,4.404,,10.132,,,,1.353,,,,,,,,,,,,,,0,3.706,,,,,0.452,0.062,,,,3.127,,0,,3.18,7.479,,9.405,,8.296,3.031,3.669,2.956,6.594,,,,11.257,,,,,,,,,6.586,5.822,,6.082,4.406,,,,,,11.66,,5.496,0.057,,25.602,8.346,6.48,3.405,,3.405,,8.978,,6.778,57.78,,
"01/09/2025 07:00:00",,,3.84,5.14,13.031,0.487,,,9.291,,6.453,,,,,,,12.863,,,,,,5.749,,,,,,,,21.012,,,,,,,,,,,,,,,21.483,,,,,,,,,,,,,,,,0.41,,,6.93,,,5.749,,51.965,,,,,,,3.391,3.195,5.167,,,,,,,,,8.054,5.92,,,,,8.859,,,,,,7.798,,,3.627,,,18.409,,5.559,4.655,3.323,3.839,,,,0.299,,,7.759,,,,7.821,5.776,,9.582,11.593,7.407,,13.094,,,3.767,,12.507,12.907,,10.091,10.639,9.066,2.718,,,2.462,3.582,6.708,,5.787,0,,11.018,,,3.825,3.694,,,,,10.756,,,5.248,,,,1.159,18.017,,,,3.538,14.849,,,,3.605,0,11.853,6.407,-0.165,,,,4.431,,,,0.906,12.117,6.542,2.9,4.607,,,,,,,,,,,,6.302,,,,13.174,,5.722,8.01,,5.749,3.331,17.548,,13.504,,9.098,,,,2.81,8.823,,,,1.826,32.291,4.402,,10.131,,,,1.27,,,,,,,,,,,,,,0,3.705,,6.013,,,0.448,-0.044,,,,3.12,,0,4.218,3.182,7.476,,9.402,,8.293,3.043,3.667,2.942,6.596,,,,11.257,,,,,,,,,6.584,5.821,,6.081,4.401,,,,,,11.658,,5.496,-0.05,,25.599,8.345,6.48,3.404,,3.404,,8.979,,6.776,,,
"01/09/2025 07:15:00",,,3.839,5.139,13.031,,7.502,,9.29,1.154,6.452,,,,,,,12.863,,,,,,5.742,,83.024,,,,,,21.009,,,,,,,,,,,,,,,21.483,,,,,,,,,,,,,,,,0.393,,17.095,6.937,,7.329,5.74,-0.607,51.966,,,,,,,3.403,3.206,5.167,,,37.147,,,,,,8.051,5.92,25.685,,-0.162,,8.859,,,,,,7.794,,,3.626,,,18.409,,5.558,4.652,3.324,3.839,,2.882,,0.232,,,7.757,,,,7.825,5.776,,9.58,11.593,7.404,,13.089,,,3.767,,12.505,12.911,14.704,10.091,10.64,9.061,,,,2.461,3.581,6.708,,5.786,0,,11.015,,,3.823,3.692,,,,,,,36.603,5.247,,,,1.255,18.018,,,,3.544,14.851,,,,3.604,0,11.856,6.405,0,,,,4.43,,,,0.904,12.119,6.542,2.915,4.602,,,,,,,,21.836,,,,6.302,,,,13.169,,5.722,8.014,,5.743,3.329,17.546,,13.502,,9.098,,,,2.824,8.826,,,,1.803,32.293,4.401,,10.128,,,,1.186,,,,,,0.421,,,,,,,,0,3.705,,6.013,,,0.444,-0.15,,,,3.138,,0,4.217,3.183,7.474,,9.399,,8.289,3.055,3.665,2.929,6.6,,30.254,,11.256,,,,,,,,,6.581,5.821,,6.079,4.397,,,,,,11.656,,5.496,-0.158,,25.595,8.345,6.48,3.404,,3.404,,8.979,,6.774,57.779,,
"01/09/2025 07:30:00",,1.196,3.838,5.139,13.03,0.572,7.481,3.164,9.289,1.151,6.451,11.841,3.974,,1.229,0.142,9.014,12.863,,15.927,0.751,,0.536,5.734,,83.022,9.034,32.547,1.077,0.564,7.571,21.005,12.428,3.932,0.844,0.577,3.503,3.084,3.226,,1.864,73.028,0.923,10.26,35.2,,21.483,27.8,11.333,48.294,0.571,0.412,,36.198,18.702,17.421,,9.888,5.423,,18.706,0.484,0.377,,17.084,6.927,1.107,7.329,5.731,-0.676,51.966,51.993,2.51,6.375,,0.648,51.304,3.415,3.218,5.166,,9.517,37.147,3.849,51.914,0.88,8.926,,8.049,5.92,25.843,8.344,-0.217,3.862,8.859,19.44,4.079,5.181,58.209,3.723,7.79,7.384,3.456,3.624,10.326,1.887,18.409,9.18,5.557,4.65,3.324,3.84,1.83,2.889,,0.165,,1.658,7.756,,,29.168,7.83,5.776,,9.579,11.594,7.4,0.708,13.072,4.467,3.281,3.765,4.804,12.502,12.915,14.701,10.091,10.641,9.056,2.727,0.814,1.639,2.459,3.579,6.704,,5.785,-0.3,6.752,11.012,,35.799,3.822,3.691,,28.834,0.448,,10.759,2.745,36.602,5.246,9.186,43.22,1.88,1.352,18.018,0.119,2.241,30.842,3.55,14.853,,34.617,24.251,3.604,2.115,11.859,6.402,-0.112,1.666,2.612,8.846,4.429,2.079,1.996,14.305,0.901,12.121,6.542,2.931,4.595,,4.86,,,0.517,3.876,7.461,21.838,-9999999,4.956,,6.301,66.723,,4.196,13.164,2.409,5.722,8.018,3.729,5.736,3.328,17.544,12.04,13.5,8.999,9.099,12.163,13.075,1.359,2.838,8.832,3.187,0.624,,1.78,32.29,4.4,,10.124,3.731,0.633,65.213,1.102,6.774,,,56.923,0.543,0.433,25.443,47.514,28.62,1.926,0.298,,40.278,0.755,3.705,3.087,6.011,18.696,,0.442,-0.256,,88.008,0.32,3.147,18.726,-0.211,4.216,3.199,7.471,12.329,9.396,12.252,8.286,3.048,3.663,2.915,6.603,,30.219,,11.256,,,3.648,13.178,0.71,11.32,20.065,11.692,6.578,5.817,,6.078,4.395,0.581,,4.278,0.088,0.715,11.654,27.922,5.497,-0.266,46.132,25.592,8.344,6.48,3.405,3.666,3.405,1.635,8.979,0.462,6.772,57.779,0.987,4.456
"01/09/2025 07:45:00",,1.166,3.841,5.134,13.029,0.62,7.447,3.163,9.296,1.142,6.451,11.844,3.975,,1.201,0.186,9.023,12.883,,15.926,0.738,,0.568,5.731,,83.02,9.035,32.546,1.059,0.69,7.571,20.997,12.428,3.932,0.828,0.603,3.498,3.09,3.229,,1.83,73.023,0.903,10.26,35.2,,21.481,27.798,11.332,48.293,0.633,0.401,,36.192,18.701,17.429,,9.888,5.565,,18.705,0.639,0.364,,17.073,6.931,1.104,7.331,5.722,-0.737,51.959,51.99,2.472,6.374,,0.584,51.298,3.424,3.223,5.162,,9.516,37.146,3.854,51.91,0.859,8.927,,8.047,5.914,25.999,8.341,-0.251,3.871,8.857,19.442,4.081,5.136,58.203,3.722,7.786,7.363,3.466,3.622,10.324,1.883,18.407,9.181,5.557,4.648,3.331,3.838,1.826,2.894,,0.14,,1.657,7.748,,,29.164,7.826,5.772,,9.584,11.598,7.396,0.695,13.027,4.467,3.28,3.763,4.803,12.5,12.919,14.703,10.085,10.642,9.05,2.718,0.797,1.626,2.458,3.58,6.701,,5.783,-0.307,6.743,11.011,,35.789,3.846,3.669,,28.83,0.464,,10.761,2.745,36.6,5.245,9.185,43.214,1.867,1.448,18.017,0.171,2.323,30.842,3.555,14.854,,34.618,24.319,3.603,2.112,11.863,6.399,-0.041,1.651,2.618,8.846,4.428,2.072,1.986,14.31,0.897,12.12,6.541,2.924,4.592,,4.86,,,0.546,3.865,7.467,21.838,-9999999,4.964,,6.3,66.721,,4.195,13.157,2.406,5.72,8.022,3.727,5.736,3.329,17.541,12.04,13.496,8.994,9.095,12.164,13.074,1.337,2.846,8.837,3.195,0.615,,1.75,32.289,4.399,,10.12,3.728,0.789,65.204,1.027,6.771,,,56.921,0.56,0.456,25.44,47.505,28.616,1.903,0.315,,40.277,0.876,3.704,3.076,6.012,18.7,,0.44,-0.33,,88.007,0.368,3.135,18.724,-0.164,4.215,3.207,7.474,12.331,9.392,12.251,8.283,3.051,3.656,2.903,6.596,,30.224,,11.272,,,3.647,13.179,0.695,11.321,20.066,11.694,6.573,5.814,,6.075,4.394,0.573,,4.277,0.026,0.698,11.652,27.916,5.499,-0.351,46.132,25.591,8.344,6.477,3.406,3.667,3.406,1.615,8.985,0.499,6.773,57.778,0.968,4.413
"01/09/2025 08:00:00",,1.138,3.836,5.131,13.029,0.661,7.49,3.162,9.299,1.128,6.45,11.841,3.974,,1.18,0.231,9.022,12.867,,15.925,0.736,,0.619,5.722,,83.017,9.035,32.544,1.041,0.811,7.57,20.999,12.42,3.932,0.812,0.629,3.511,3.09,3.213,,1.795,73.02,0.877,10.259,35.203,,21.479,27.797,11.332,48.291,0.684,0.386,,36.186,18.702,17.433,,9.892,5.727,,18.706,0.789,0.355,,17.061,6.934,1.087,7.332,5.713,-0.776,51.963,51.985,2.44,6.372,,0.522,51.295,3.425,3.228,5.167,,9.516,37.145,3.839,51.911,0.84,8.928,,8.046,5.915,26.136,8.35,-0.262,3.87,8.86,19.442,4.081,5.182,58.2,3.724,7.784,7.397,3.451,3.62,10.33,1.881,18.408,9.181,5.555,4.646,3.335,3.824,1.819,2.894,,0.128,,1.656,7.752,,,29.164,7.821,5.77,,9.582,11.597,7.393,0.683,13.038,4.466,3.281,3.765,4.803,12.504,12.924,14.703,10.08,10.641,9.047,2.716,0.782,1.605,2.456,3.577,6.704,,5.782,-0.28,6.738,11.01,,35.79,3.71,3.69,,28.829,0.476,,10.764,2.744,36.598,5.242,9.187,43.209,1.855,1.532,18.023,0.251,2.429,30.84,3.55,14.851,,34.617,24.221,3.603,2.108,11.865,6.397,0.03,1.635,2.618,8.845,4.426,2.065,1.979,14.318,0.894,12.122,6.542,2.937,4.605,,4.86,,,0.57,3.888,7.46,21.837,-9999999,4.961,,6.299,66.719,,4.193,13.148,2.412,5.716,8.026,3.73,5.742,3.332,17.538,12.041,13.489,8.995,9.101,12.163,13.075,1.314,2.852,8.834,3.204,0.605,,1.719,32.287,4.399,,10.122,3.732,0.951,65.201,0.95,6.771,,,56.92,0.57,0.479,25.443,47.499,28.613,1.875,0.343,,40.281,0.991,3.701,3.081,6.011,18.705,,0.438,-0.394,,88.006,0.433,3.133,,-0.089,4.214,3.213,7.467,12.331,9.391,12.251,8.28,3.048,3.659,2.891,6.599,,30.202,,11.257,,,3.645,13.177,0.672,11.32,20.065,11.695,6.571,5.818,,6.076,4.393,0.57,,4.281,-0.02,0.68,11.65,27.91,5.489,-0.427,46.13,25.593,8.344,6.478,3.404,3.672,3.404,1.594,8.989,0.543,6.772,57.777,0.946,4.444
"01/09/2025 08:15:00",,1.112,3.837,5.136,13.03,0.701,7.5,3.161,9.298,1.122,6.449,11.844,3.971,,1.151,0.293,9.024,12.869,,15.925,0.737,,0.684,5.716,,83.015,9.035,32.543,1.017,0.922,7.57,20.994,12.426,3.932,0.802,0.659,3.514,3.09,3.204,,1.763,73.017,0.86,10.26,35.195,,21.481,27.796,11.332,48.29,0.734,0.372,,36.18,18.707,17.435,,9.891,5.867,,18.709,0.921,0.346,,17.057,6.921,1.1,7.332,5.704,-0.791,51.965,51.994,2.411,6.37,,0.475,51.29,3.431,3.229,5.165,,9.514,37.144,3.825,51.91,0.817,8.924,,8.044,5.912,26.253,8.339,-0.236,3.868,8.863,19.444,4.081,5.18,58.198,3.721,7.781,7.386,3.444,3.618,10.327,1.876,18.407,9.181,5.554,4.645,3.338,3.821,1.812,2.897,,0.124,,1.653,7.743,,,29.164,7.819,5.77,,9.581,11.597,7.391,0.68,13.075,4.466,3.28,3.765,4.802,12.505,12.929,14.702,10.078,10.644,9.048,2.731,0.767,1.592,2.454,3.578,6.704,,5.781,-0.232,6.761,11.008,,35.78,3.807,3.676,,28.817,0.505,,10.765,2.744,36.598,5.241,9.186,43.204,1.843,1.61,18.027,0.36,2.514,30.838,3.552,14.852,,34.616,24.313,3.602,2.103,11.86,6.397,0.136,1.61,2.619,8.845,4.424,2.059,1.971,14.322,0.892,12.125,6.536,2.916,4.604,,4.859,,,0.598,3.883,7.466,21.839,-9999999,4.956,,6.297,66.717,,4.193,13.142,2.408,5.72,8.03,3.73,5.743,3.334,17.535,12.042,13.49,8.996,9.102,12.161,13.075,1.294,2.859,8.837,3.212,0.602,,1.701,32.285,4.399,,10.121,3.741,1.098,65.2,0.881,6.768,,,56.917,0.576,0.494,25.441,47.493,28.609,1.85,0.388,,40.279,1.097,3.699,3.091,6.01,18.702,,0.439,-0.452,,88.006,0.483,3.108,,-0.048,4.213,3.217,7.461,12.331,9.387,12.249,8.279,3.045,3.662,2.88,6.597,,30.192,,11.253,,,3.645,13.178,0.671,11.32,20.063,11.696,6.568,5.816,,6.072,4.392,0.573,,4.277,-0.065,0.663,11.648,27.907,5.498,-0.486,46.127,25.587,8.343,6.479,3.405,3.671,3.405,1.572,8.989,0.581,6.769,57.775,0.925,4.438
"01/09/2025 08:30:00",,1.087,3.838,5.138,13.029,0.721,7.455,3.16,9.297,1.117,6.448,11.84,3.97,,1.123,0.348,9.023,12.87,,15.924,0.736,,0.702,5.706,,83.013,9.036,32.542,0.99,1.028,7.568,20.991,12.429,3.932,0.797,0.695,3.511,3.091,3.221,,1.727,73.016,0.834,10.26,35.198,,21.48,27.795,11.331,48.286,0.766,0.359,,36.174,18.705,17.436,,9.891,6.019,,18.709,1.049,0.335,,17.049,6.919,1.096,7.332,5.695,-0.8,51.958,51.987,2.383,6.369,,0.413,51.286,3.429,3.23,5.162,,9.514,37.142,3.828,51.911,0.806,8.927,,8.043,5.911,26.377,8.354,-0.189,3.871,8.861,19.445,4.08,5.118,58.194,3.724,7.78,7.38,3.447,3.617,10.324,1.87,18.407,9.182,5.553,4.645,3.341,3.833,1.808,2.893,,0.129,,1.652,7.739,,,29.164,7.817,5.773,,9.578,11.6,7.388,0.674,13.179,4.465,3.281,3.765,4.802,12.504,12.933,14.701,10.076,10.644,9.048,2.723,0.762,1.576,2.453,3.574,6.698,,5.781,-0.188,6.765,11.005,,35.78,3.832,3.66,,28.829,0.537,,10.762,2.744,36.596,5.241,9.186,43.2,1.83,1.68,18.025,0.525,2.587,30.837,3.562,14.841,,34.615,24.29,3.602,2.097,11.861,6.396,0.228,1.597,2.619,8.845,4.423,2.055,1.96,14.327,0.891,12.124,6.539,2.902,4.609,,4.859,,,0.634,3.883,7.461,21.84,-9999999,4.966,,6.297,66.715,,4.192,13.134,2.41,5.72,8.032,3.729,5.74,3.339,17.533,12.041,13.484,8.994,9.103,12.163,13.074,1.272,2.855,8.829,3.224,0.606,,1.676,32.282,4.398,,10.122,3.748,1.246,65.195,0.813,6.77,,,56.915,0.599,0.525,25.441,47.487,28.604,1.821,0.445,,40.277,1.186,3.701,3.085,6.01,18.706,,0.441,-0.491,,88.004,0.526,3.083,,0.001,4.212,3.224,7.468,12.334,9.381,12.247,8.273,3.045,3.661,2.868,6.598,,30.167,,11.264,,,3.644,13.175,0.66,11.32,20.063,11.697,6.564,5.816,,6.076,4.391,0.579,,4.275,-0.085,0.647,11.646,27.905,5.487,-0.525,46.131,25.583,8.342,6.48,3.408,3.671,3.408,1.553,8.99,0.631,6.763,57.775,0.898,4.448
"01/09/2025 08:45:00",,1.063,3.839,5.126,13.023,0.727,7.495,3.16,9.297,1.105,6.447,11.843,3.968,,1.094,0.437,9.024,12.879,,15.924,0.73,,0.758,5.698,,83.011,9.036,32.541,0.976,1.119,7.567,20.989,12.429,3.93,0.804,0.739,3.513,3.091,3.182,,1.693,73.012,0.812,10.262,35.199,,21.48,27.793,11.33,48.287,0.771,0.349,,36.168,18.708,17.441,,9.891,6.14,,18.71,1.16,0.326,,17.04,6.925,1.095,7.332,5.685,-0.794,51.959,51.987,2.356,6.368,,0.361,51.281,3.433,3.236,5.161,,9.513,37.139,3.846,51.909,0.8,8.922,,8.043,5.908,26.498,8.344,-0.139,3.872,8.86,19.442,4.081,5.122,58.191,3.719,7.778,7.384,3.447,3.615,10.331,1.864,18.401,9.183,5.552,4.644,3.347,3.838,1.805,2.896,,0.14,,1.65,7.736,,,29.162,7.816,5.774,,9.58,11.601,7.385,0.676,13.12,4.465,3.279,3.767,4.801,12.505,12.937,14.702,10.074,10.645,9.049,2.736,0.753,1.56,2.452,3.576,6.705,,5.78,-0.103,6.773,11.002,,35.774,3.558,3.686,,28.84,0.564,,10.767,2.743,36.594,5.241,9.185,43.194,1.819,1.725,18.025,0.696,2.643,30.834,3.567,14.85,,34.614,24.307,3.601,2.091,11.869,6.396,0.285,1.583,2.622,8.844,4.425,2.046,1.952,14.338,0.89,12.128,6.545,2.902,4.598,,4.857,,,0.666,3.883,7.469,21.843,-9999999,4.957,,6.296,66.714,,4.193,13.125,2.411,5.719,8.031,3.725,5.737,3.342,17.529,12.041,13.484,8.995,9.104,12.165,13.074,1.255,2.858,8.829,3.23,0.608,,1.652,32.281,4.398,,10.123,3.746,1.39,65.192,0.75,6.771,,,56.912,0.592,0.553,25.44,47.483,28.6,1.792,0.509,,40.277,1.258,3.701,3.088,6.009,18.706,,0.446,-0.512,,88.002,0.556,3.058,,0.1,4.21,3.23,7.468,12.334,9.379,12.252,8.278,3.044,3.661,2.857,6.596,,30.157,,11.269,,,3.642,13.178,0.644,11.319,20.063,11.695,6.561,5.817,,6.076,4.389,0.589,,4.277,-0.108,0.63,11.645,27.899,5.496,-0.526,46.127,25.576,8.34,6.477,3.41,3.672,3.41,1.532,8.983,0.678,6.764,57.774,0.871,4.439
"01/09/2025 09:00:00",,1.043,3.838,5.128,13.029,0.729,7.48,3.159,9.298,1.096,6.445,11.843,3.967,,1.067,0.481,9.025,12.88,,15.923,0.731,,0.794,5.69,,83.009,9.036,32.54,0.964,1.203,7.566,20.987,12.424,3.93,0.824,0.777,3.513,3.091,3.172,,1.657,73.009,0.782,10.26,35.202,,21.48,27.792,11.329,48.285,0.764,0.334,,36.161,18.709,17.442,,9.888,6.271,,18.713,1.258,0.315,,17.029,6.922,1.093,7.332,5.677,-0.773,51.958,51.983,2.331,6.366,,0.324,51.277,3.44,3.236,5.165,,9.512,37.139,3.821,51.906,0.789,8.927,,8.041,5.901,26.62,8.344,-0.046,3.87,8.858,19.441,4.079,5.095,58.19,3.718,7.777,7.368,3.444,3.614,10.335,1.86,18.398,9.182,5.553,4.642,3.348,3.837,1.798,2.895,,0.222,,1.647,7.743,,,29.16,7.81,5.775,,9.588,11.604,7.383,0.678,13.044,4.465,3.277,3.766,4.8,12.503,12.942,14.7,10.071,10.648,9.049,2.733,0.745,1.543,2.451,3.569,6.705,,5.779,-0.002,6.778,11.001,,35.77,3.799,3.682,,28.833,0.601,,10.767,2.742,36.592,5.24,9.185,43.191,1.808,1.751,18.025,0.865,2.692,30.833,3.564,14.849,,34.613,24.32,3.601,2.086,11.861,6.396,0.334,1.564,2.629,8.844,4.425,2.043,1.942,14.345,0.884,12.129,6.536,2.896,4.583,,4.856,,,0.695,3.899,7.472,21.842,-9999999,4.951,,6.295,66.711,33.049,4.192,13.119,2.416,5.718,8.035,3.728,5.738,3.345,17.526,12.043,13.481,8.994,9.103,12.165,13.074,1.24,2.855,8.838,3.232,0.621,,1.629,32.282,4.397,,10.125,3.757,1.518,65.186,0.69,6.77,,,56.911,0.644,0.579,25.441,47.475,28.587,1.765,0.566,,40.274,1.313,3.7,3.084,6.01,18.703,,0.455,-0.506,,88.001,0.578,3.032,,0.186,4.21,3.235,7.462,12.336,9.376,12.247,8.274,3.035,3.663,2.846,6.596,,30.143,,11.252,,,3.641,13.175,0.63,11.32,20.062,11.698,6.558,5.817,,6.069,4.385,0.599,,4.274,-0.117,0.616,11.644,27.896,5.496,-0.485,46.125,25.585,8.338,6.482,3.414,3.673,3.414,1.511,8.989,0.729,6.762,57.774,0.851,4.438
"01/09/2025 09:15:00",,1.027,3.837,5.127,13.029,0.734,7.481,3.157,9.298,1.093,6.444,11.844,3.965,,1.042,0.6,9.02,12.875,,15.924,0.729,,0.816,5.684,,83.009,9.036,32.538,0.951,1.275,7.564,20.98,12.426,3.93,0.871,0.824,3.522,3.09,3.162,,1.623,73.003,0.763,10.26,35.204,,21.48,27.791,11.328,48.284,0.759,0.327,,36.155,18.719,17.443,,9.892,6.379,,18.713,1.34,0.304,,17.024,6.919,1.092,7.332,5.668,-0.731,51.958,51.987,2.308,6.366,,0.288,51.271,3.441,3.234,5.161,,9.511,37.137,3.852,51.908,0.781,8.927,,8.04,5.91,26.722,8.355,0.064,3.874,8.856,19.442,4.08,5.137,58.186,3.72,7.774,7.393,3.435,3.612,10.341,1.852,18.398,9.183,5.551,4.639,3.349,3.836,1.794,2.891,,0.304,,1.646,7.739,,,29.16,7.802,5.773,,9.58,11.605,7.379,0.684,13.065,4.464,3.278,3.767,4.799,12.507,12.946,14.698,10.071,10.65,9.05,2.739,0.741,1.527,2.449,3.567,6.7,,5.778,0.12,6.77,11.001,,35.762,3.801,3.647,,28.834,0.638,,10.77,2.741,36.591,5.24,9.184,43.186,1.797,1.765,18.023,1.043,2.725,30.832,3.567,14.848,,34.613,24.245,3.6,2.079,11.859,6.396,0.385,1.547,2.627,8.844,4.427,2.036,1.933,14.355,0.888,12.125,6.543,2.88,4.554,,4.855,,,0.715,3.903,7.465,21.843,-9999999,4.964,,6.295,66.709,33.049,4.191,13.109,2.412,5.717,8.038,3.728,5.739,3.35,17.525,12.043,13.478,8.993,9.103,12.165,13.075,1.229,2.852,8.837,3.234,0.633,,1.607,32.278,4.397,,10.126,3.758,1.63,65.18,0.634,6.769,,,56.908,0.628,0.595,25.443,47.472,28.584,1.738,0.626,,40.277,1.352,3.699,3.079,6.009,18.704,,0.465,-0.475,,88,0.594,3.007,18.728,0.247,4.209,3.239,7.462,12.338,9.375,12.247,8.264,3.026,3.665,2.836,6.595,,30.127,,11.266,,,3.64,13.176,0.627,11.318,20.061,11.696,6.555,5.817,,6.073,4.386,0.614,,4.271,-0.113,0.605,11.642,27.889,5.498,-0.416,46.121,25.575,8.336,6.48,3.416,3.672,3.416,1.496,8.99,0.76,6.758,57.773,0.83,4.442
"01/09/2025 09:21:00",,,,,,,,,,,,,,,,,,,,,,,,,,,,,,,,,,,,,,,,,,,,,,,,,,,,,,,,,,,,,,,,,,,,,,,,,,,,,,,,,,,,,,,,,,,,,,,,,,,,,,,,,,,,,,,,,,,,,,,,,,,,,,,,,,,,,,,,,,,,,,,,,,,,,,,,,,,,,,,,,,,,,,,,,,,,,,,,,,,,,,,,,,,,,,,,,,,,3.235,,,,,,,,,,,,,,,,,,,,,,,,,,,,,,,,,,,,,,,,,,,,,,,,,,,,,,,,,,,,,,,,,,,,,,,,,,,,,,,,,,,,,,,,,,,,,,,,,,,,,,,,,,,,,,,,,,,,,,,
"01/09/2025 09:30:00",,1.01,3.835,5.126,13.028,0.744,7.461,3.156,9.298,1.08,6.444,11.844,3.966,,1.018,0.674,9.025,12.876,,15.923,0.734,,0.842,5.676,,83.008,9.036,32.537,0.941,1.331,7.564,20.977,12.424,3.929,0.955,0.848,3.519,3.09,3.135,,1.589,73.005,0.745,10.261,35.198,,21.48,27.79,11.328,48.282,0.764,0.319,,36.149,18.717,17.447,,9.888,6.473,,18.715,1.401,0.298,,17.019,6.919,1.086,7.332,5.659,-0.643,51.954,51.981,2.283,6.365,,0.271,51.269,3.442,3.237,5.162,,9.51,37.133,3.846,51.909,0.776,8.925,,8.04,5.907,26.822,8.344,0.198,3.872,8.856,19.441,4.079,5.146,58.183,3.722,7.769,7.38,3.436,3.61,10.34,1.845,18.395,9.183,5.551,4.639,3.35,3.833,1.79,2.89,,0.386,,1.645,7.732,,,29.159,7.8,5.771,,9.587,11.601,7.376,0.693,13.056,4.463,3.277,3.768,4.799,12.51,12.949,14.697,10.069,10.646,9.05,2.729,0.738,1.509,2.448,3.564,6.702,,5.776,0.242,6.779,10.998,,35.759,3.796,3.675,,28.84,0.677,,10.772,2.741,36.59,5.24,9.184,43.181,1.785,1.766,18.025,1.181,2.748,30.829,3.566,14.843,,34.611,24.308,3.6,2.071,11.861,6.389,0.451,1.526,2.631,8.843,4.42,2.029,1.923,14.352,0.883,12.128,6.544,2.865,4.598,,4.854,,,0.712,3.898,7.464,21.842,-9999999,4.964,,6.292,66.707,33.05,4.191,13.097,2.415,5.716,8.042,3.727,5.742,3.353,17.525,12.043,13.475,9,9.1,12.163,13.074,1.216,2.856,8.837,3.241,0.647,,1.587,32.279,4.397,,10.126,3.763,1.731,65.176,0.58,6.769,,,56.906,0.646,0.619,25.443,47.468,28.577,1.711,0.681,,40.28,1.377,3.695,3.085,6.008,18.708,,0.486,-0.424,,88,0.607,2.982,18.73,0.32,4.208,3.242,7.462,12.337,9.372,12.245,8.261,3.015,3.661,2.826,6.593,,30.107,,11.259,,,3.639,13.175,0.615,11.317,20.059,11.7,6.553,5.811,,6.068,4.385,0.628,,4.275,-0.111,0.596,11.64,27.886,5.498,-0.286,46.115,25.572,8.334,6.477,3.417,3.671,3.417,1.48,8.987,0.791,6.755,57.771,0.805,4.438
"01/09/2025 09:36:00",,,,,,,,,,,,,,,,,,,,,,,,,,,,,,,,,,,,,,,,,,,,,,,,,,,,,,,,,,,,,,,,,,,,,,,,,,,,,,,,,,,,,,,,,,,,,,,,,,,,,,,,,,,,,,,,,,,,,,,,,,,,,,,,,,,,,,,,,,,,,,,,,,,,,,,,,,,,,,,,,,,,,,,,,,,,,,,,,,,,,,,,,,,,,,,,,,,,3.219,,,,,,,,,,,,,,,,,,,,,,,,,,,,,,,,,,,,,,,,,,,,,,,,,,,,,,,,,,,,,,,,,,,,,,,,,,,,,,,,,,,,,,,,,,,,,,,,,,,,,,,,,,,,,,,,,,,,,,,
"01/09/2025 09:45:00",,1.004,3.829,5.128,13.027,0.76,7.487,3.155,9.299,1.076,6.442,11.844,3.964,,0.993,0.711,9.032,12.872,,15.914,0.743,,0.823,5.668,,83.006,9.037,32.536,0.935,1.367,7.564,20.978,12.431,3.929,1.035,0.86,3.511,3.091,3.114,,1.552,73.001,0.724,10.262,35.191,,21.48,27.789,11.327,48.281,0.789,0.309,,36.142,18.719,17.449,,9.892,6.545,,18.719,1.446,0.293,,17.014,6.922,1.091,7.332,5.649,-0.46,51.96,51.993,2.258,6.364,,0.24,51.266,3.449,3.231,5.16,,9.509,37.132,3.835,51.909,0.773,8.923,,8.039,5.907,26.9,8.356,0.331,3.865,8.855,19.442,4.078,5.166,58.18,3.715,7.765,7.411,3.445,3.609,10.331,1.839,18.404,9.183,5.55,4.636,3.351,3.833,1.78,2.883,,0.468,,1.643,7.732,,,29.158,7.798,5.773,,9.587,11.602,7.372,0.711,13.062,4.463,3.277,3.768,4.797,12.508,12.953,14.697,10.07,10.65,9.051,2.731,0.739,1.495,2.447,3.564,6.697,,5.727,0.371,6.773,11.01,,35.749,3.823,4.097,,28.839,0.701,,10.774,2.741,36.587,5.242,9.184,43.176,1.776,1.762,18.029,1.305,2.765,30.828,3.567,14.838,,34.61,24.306,3.599,2.064,11.868,6.394,0.506,1.512,2.625,8.843,4.424,2.022,1.913,14.363,0.882,12.131,6.544,2.863,4.598,,4.854,,,0.717,3.909,7.465,21.843,-9999999,4.964,,6.296,66.706,33.049,4.189,13.087,2.419,5.715,8.043,3.726,5.735,3.357,17.523,12.044,13.47,8.997,9.104,12.162,13.073,1.21,2.853,8.837,3.246,0.664,,1.564,32.274,4.397,,10.123,3.763,1.819,65.175,0.533,6.767,,,56.905,0.628,0.634,25.441,47.462,28.573,1.682,0.728,,40.279,1.387,3.697,3.076,6.006,18.71,,0.517,-0.318,,87.999,0.625,2.974,18.737,0.362,4.207,3.246,7.454,12.338,9.367,12.246,8.261,3.005,3.665,2.816,6.591,,30.099,,11.267,,,3.637,13.178,0.596,11.32,20.058,11.7,6.549,5.81,,6.072,4.384,0.643,,4.274,-0.063,0.591,11.638,27.884,5.495,-0.147,46.115,25.568,8.333,6.48,3.421,3.672,3.421,1.461,8.99,0.81,6.754,57.77,0.796,4.443
"01/09/2025 09:51:00",,,,,,,,,,,,,,,,,,,,,,,,,,,,,,,,,,,,,,,,,,,,,,,,,,,,,,,,,,,,,,,,,,,,,,,,,,,,,,,,,,,,,,,,,,,,,,,,,,,,,,,,,,,,,,,,,,,,,,,,,,,,,,,,,,,,,,,,,,,,,,,,,,,,,,,,,,,,,,,,,,,,,,,,,,,,,,,,,,,,,,,,,,,,,,,,,,,,3.223,,,,,,,,,,,,,,,,,,,,,,,,,,,,,,,,,,,,,,,,,,,,,,,,,,,,,,,,,,,,,,,,,,,,,,,,,,,,,,,,,,,,,,,,,,,,,,,,,,,,,,,,,,,,,,,,,,,,,,,
"01/09/2025 10:00:00",,1.004,3.834,5.125,13.026,0.774,7.486,3.154,9.298,1.07,6.441,11.844,3.963,,0.975,0.766,9.023,12.874,,15.92,0.759,,0.826,5.659,,83.005,9.037,32.536,0.927,1.382,7.562,20.976,12.432,3.929,1.103,0.869,3.525,3.087,3.132,,1.517,72.995,0.704,10.263,35.2,,21.48,27.787,11.326,48.279,0.82,0.299,,36.136,18.723,17.45,,9.893,6.599,,18.723,1.476,0.286,,16.996,6.92,1.092,7.331,5.639,-0.244,51.957,51.989,2.231,6.363,,0.215,51.261,3.437,3.234,5.158,,9.509,37.132,3.832,51.913,0.773,8.929,4.789,8.039,5.902,26.96,8.354,0.486,3.871,8.857,19.442,4.078,5.091,58.176,3.716,7.763,7.409,3.45,3.608,10.339,1.831,18.413,9.184,5.549,4.643,3.351,3.832,1.776,2.879,,0.532,,1.64,7.729,,,29.155,7.799,5.766,,9.586,11.602,7.371,0.727,13.033,4.463,3.277,3.771,4.797,12.514,12.957,14.696,10.067,10.648,9.052,2.733,0.743,1.482,2.445,3.564,6.704,,5.766,0.499,6.775,11.008,,35.748,3.814,3.695,,28.841,0.718,,10.772,2.741,36.585,5.242,9.182,43.172,1.764,1.741,18.03,1.408,2.759,30.826,3.567,14.84,,34.609,24.296,3.599,2.056,11.864,6.395,0.588,1.496,2.624,8.843,4.423,2.015,1.905,14.365,0.877,12.133,6.545,2.858,4.591,,4.853,,,0.716,3.898,7.463,21.842,-9999999,4.961,,6.297,66.703,33.049,4.19,13.077,2.418,5.714,8.043,3.726,5.738,3.358,17.52,12.044,13.469,8.995,9.103,12.164,13.074,1.213,2.839,8.835,3.24,0.682,,1.55,32.275,4.396,,10.126,3.766,1.902,65.172,0.486,6.769,,,56.901,0.611,0.641,25.441,47.457,28.565,1.653,0.76,,40.28,1.381,3.697,3.084,6.006,18.713,,0.545,-0.173,,87.997,0.659,2.961,18.735,0.385,4.206,3.249,7.456,12.338,9.364,12.246,8.259,2.993,3.669,2.806,6.589,,30.076,,11.265,,,3.636,13.177,0.588,11.319,20.058,11.701,6.547,5.81,,6.066,4.382,0.661,,4.273,0.077,0.602,11.637,27.88,5.494,0.011,46.115,25.57,8.334,6.48,3.421,3.672,3.421,1.45,8.99,0.822,6.757,57.769,0.774,4.433
"01/09/2025 10:06:00",,,,,,,,,,,,,,,,,,,,,,,,,,,,,,,,,,,,,,,,,,,,,,,,,,,,,,,,,,,,,,,,,,,,,,,,,,,,,,,,,,,,,,,,,,,,,,,,,,,,,,,,,,,,,,,,,,,,,,,,,,,,,,,,,,,,,,,,,,,,,,,,,,,,,,,,,,,,,,,,,,,,,,,,,,,,,,,,,,,,,,,,,,,,,,,,,,,,3.24,,,,,,,,,,,,,,,,,,,,,,,,,,,,,,,,,,,,,,,,,,,,,,,,,,,,,,,,,,,,,,,,,,,,,,,,,,,,,,,,,,,,,,,,,,,,,,,,,,,,,,,,,,,,,,,,,,,,,,,
"01/09/2025 10:15:00",,1.018,3.829,5.128,13.026,0.762,7.462,3.153,9.297,1.059,6.44,11.842,3.962,,0.956,0.882,9.02,12.874,,15.922,0.761,,0.843,5.652,,83.003,9.037,32.534,0.925,1.378,7.562,20.977,12.434,3.929,1.159,0.87,3.534,3.089,3.136,,1.484,72.994,0.688,10.264,35.203,,21.48,27.786,11.326,48.275,0.82,0.295,,36.13,18.722,17.453,,9.89,6.652,,18.718,1.487,0.304,,16.996,6.912,1.094,7.331,5.63,-0.035,51.944,51.987,2.204,6.362,,0.216,51.257,3.446,3.213,5.16,,9.508,37.132,3.841,51.907,0.782,8.925,4.79,8.037,5.906,27.003,8.355,0.618,3.87,8.856,19.442,4.077,5.166,58.174,3.713,7.76,7.383,3.446,3.609,10.335,1.82,18.41,9.184,5.548,4.633,3.35,3.831,1.774,2.867,,0.587,,1.636,7.728,,,29.157,7.792,5.774,,9.587,11.605,7.369,0.75,13.061,4.462,3.276,3.771,4.796,12.51,12.961,14.695,10.069,10.65,9.05,2.747,0.746,1.469,2.444,3.568,6.704,,5.763,0.636,6.773,11.004,,35.745,3.814,3.686,,28.848,0.728,,10.776,2.741,36.582,5.24,9.183,43.167,1.755,1.697,18.031,1.515,2.743,30.823,3.566,14.839,,34.608,24.308,3.598,2.049,11.868,6.394,0.658,1.479,2.62,8.843,4.423,2.008,1.896,14.376,0.878,12.132,6.54,2.848,4.593,,4.852,,,0.716,3.904,7.465,21.844,-9999999,4.967,,6.295,66.702,33.049,4.189,13.068,2.414,5.714,8.038,3.726,5.738,3.358,17.521,12.039,13.465,8.999,9.104,12.164,13.073,1.217,2.837,8.836,3.248,0.698,,1.528,32.263,4.396,,10.125,3.771,1.979,65.164,0.45,6.768,,,56.899,0.621,0.641,25.441,47.451,28.55,1.623,0.782,,40.28,1.367,3.697,3.069,6.003,18.719,,0.573,0,,87.996,0.626,2.962,18.737,0.414,4.205,3.25,7.452,12.339,9.361,12.247,8.254,2.987,3.671,2.799,6.588,,30.055,,11.27,,,3.636,13.177,0.581,11.318,20.058,11.701,6.544,5.815,,6.07,4.381,0.67,,4.272,0.229,0.633,11.635,27.877,5.493,0.154,46.109,25.575,8.334,6.48,3.423,3.672,3.423,1.438,8.989,0.832,6.755,57.769,0.767,4.432
"01/09/2025 10:21:00",,,,,,,,,,,,,,,,,,,,,,,,,,,,,,,,,,,,,,,,,,,,,,,,,,,,,,,,,,,,,,,,,,,,,,,,,,,,,,,,,,,,,,,,,,,,,,,,,,,,,,,,,,,,,,,,,,,,,,,,,,,,,,,,,,,,,,,,,,,,,,,,,,,,,,,,,,,,,,,,,,,,,,,,,,,,,,,,,,,,,,,,,,,,,,,,,,,,3.228,,,,,,,,,,,,,,,,,,,,,,,,,,,,,,,,,,,,,,,,,,,,,,,,,,,,,,,,,,,,,,,,,,,,,,,,,,,,,,,,,,,,,,,,,,,,,,,,,,,,,,,,,,,,,,,,,,,,,,,
"01/09/2025 10:30:00",,1.067,3.828,5.132,13.024,0.758,7.467,3.152,9.298,1.057,6.439,11.838,3.96,,0.939,0.939,9.024,12.879,,15.925,0.759,,0.849,5.642,,83.001,9.037,32.532,0.934,1.354,7.561,20.973,12.434,3.928,1.212,0.875,3.525,3.09,3.131,,1.451,72.988,0.669,10.262,35.205,,21.48,27.785,11.325,48.275,0.803,0.282,,36.123,18.72,17.454,,9.892,6.671,,18.72,1.49,0.339,,16.988,6.913,1.101,7.33,5.621,0.2,51.95,51.989,2.175,6.361,,0.201,51.252,3.443,3.22,5.158,,9.507,37.131,3.845,51.909,0.801,8.93,4.786,8.032,5.897,27.027,8.357,0.765,3.867,8.854,19.444,4.077,5.097,58.169,3.719,7.76,7.409,3.446,3.608,10.338,1.816,18.409,9.184,5.547,4.637,3.349,3.83,1.769,2.856,,0.647,,1.636,7.722,,,29.154,7.792,5.774,,9.584,11.611,7.366,0.763,13.061,4.461,3.276,3.772,4.795,12.513,12.965,14.695,10.067,10.649,9.05,2.749,0.743,1.455,2.443,3.564,6.704,,5.762,0.778,6.789,11.004,,35.737,3.8,3.673,,28.842,0.74,,10.777,2.741,36.582,5.239,9.181,43.162,1.745,1.652,18.032,1.589,2.726,30.821,3.562,14.838,,34.608,24.303,3.597,2.041,11.872,6.392,0.703,1.463,2.62,8.842,4.418,2.001,1.887,14.38,0.874,12.131,6.54,2.835,4.6,,4.851,,,0.716,3.898,7.468,21.843,-9999999,4.965,,6.295,66.7,33.048,4.188,13.06,2.413,5.713,8.042,3.725,5.738,3.362,17.519,12.044,13.461,8.997,9.106,12.166,13.072,1.24,2.825,8.836,3.248,0.713,,1.504,32.269,4.396,,10.125,3.756,2.024,65.16,0.424,6.768,,,56.897,0.602,0.635,25.441,47.448,28.544,1.596,0.796,,40.28,1.336,3.696,3.074,6,18.716,,0.603,0.177,,87.995,0.677,2.946,18.744,0.451,4.204,3.253,7.455,12.34,9.359,12.246,8.249,2.978,3.673,2.789,6.587,,30.042,,11.27,,,3.635,13.174,0.575,11.317,20.055,11.702,6.54,5.813,,6.066,4.38,0.681,,4.271,0.145,0.685,11.634,27.872,5.491,0.296,46.105,25.571,8.335,6.481,3.425,3.673,3.425,1.429,8.99,0.849,6.764,57.768,0.758,4.413
"01/09/2025 10:36:00",,,,,,,,,,,,,,,,,,,,,,,,,,,,,,,,,,,,,,,,,,,,,,,,,,,,,,,,,,,,,,,,,,,,,,,,,,,,,,,,,,,,,,,,,,,,,,,,,,,,,,,,,,,,,,,,,,,,,,,,,,,,,,,,,,,,,,,,,,,,,,,,,,,,,,,,,,,,,,,,,,,,,,,,,,,,,,,,,,,,,,,,,,,,,,,,,,,,3.223,,,,,,,,,,,,,,,,,,,,,,,,,,,,,,,,,,,,,,,,,,,,,,,,,,,,,,,,,,,,,,,,,,,,,,,,,,,,,,,,,,,,,,,,,,,,,,,,,,,,,,,,,,,,,,,,,,,,,,,
"01/09/2025 10:45:00",,1.15,3.827,5.135,13.023,0.746,7.496,3.15,9.296,1.056,6.438,11.846,3.96,,0.925,0.94,9.028,12.878,,15.925,0.753,,0.849,5.637,,82.999,9.037,32.532,0.933,1.308,7.561,20.973,12.433,3.933,1.267,0.894,3.513,3.089,3.105,,1.42,72.986,0.667,10.263,35.209,,21.479,27.783,11.324,48.274,0.787,0.295,,36.117,18.729,17.456,,9.893,6.665,,18.724,1.466,0.354,,16.98,6.91,1.109,7.331,5.612,0.445,51.944,51.981,2.147,6.36,,0.219,51.248,3.438,3.214,5.155,,9.507,37.13,3.838,51.903,0.833,8.924,4.787,8.03,5.904,27.033,8.35,0.912,3.871,8.853,19.445,4.076,5.093,58.165,3.72,7.759,7.415,3.46,3.608,10.343,1.806,18.409,9.184,5.547,4.636,3.346,3.829,1.762,2.851,,0.707,,1.633,7.719,,,29.153,7.79,5.775,,9.585,11.61,7.366,0.77,13.091,4.461,3.276,3.771,4.794,12.516,12.97,14.694,10.066,10.65,9.05,2.747,0.735,1.446,2.441,3.56,6.705,,5.764,0.909,6.775,10.996,,35.73,3.862,3.68,,28.849,0.753,,10.779,2.74,36.579,5.239,9.165,43.157,1.736,1.597,18.034,1.651,2.697,30.818,3.562,14.835,,34.605,24.276,3.596,2.037,11.874,6.391,0.738,1.448,2.619,8.842,4.418,1.994,1.878,14.388,0.873,12.134,6.542,2.823,4.596,,4.85,,,0.737,3.894,7.463,21.84,-9999999,4.964,,6.295,66.698,33.048,4.188,13.049,2.413,5.711,8.042,3.723,5.739,3.366,17.517,12.045,13.46,8.997,9.104,12.166,13.072,1.269,2.817,8.834,3.244,0.723,,1.489,32.27,4.396,,10.13,3.775,2.062,65.156,0.436,6.768,,,56.895,0.603,0.641,25.44,47.443,28.544,1.57,0.797,,40.28,1.305,3.696,3.072,5.998,18.72,,0.625,0.343,,87.995,0.637,2.937,18.739,0.471,4.203,3.255,7.451,12.339,9.352,12.247,8.249,2.962,3.671,2.781,6.587,,30.019,,11.264,,,3.633,13.176,0.567,11.318,20.055,11.701,6.539,5.814,,6.06,4.379,0.69,,4.27,0.213,0.745,11.632,27.869,5.494,0.433,46.107,25.559,8.336,6.482,3.425,3.674,3.425,1.425,8.989,0.861,6.782,57.767,0.746,4.435
"01/09/2025 10:51:00",,,,,,,,,,,,,,,,,,,,,,,,,,,,,,,,,,,,,,,,,,,,,,,,,,,,,,,,,,,,,,,,,,,,,,,,,,,,,,,,,,,,,,,,,,,,,,,,,,,,,,,,,,,,,,,,,,,,,,,,,,,,,,,,,,,,,,,,,,,,,,,,,,,,,,,,,,,,,,,,,,,,,,,,,,,,,,,,,,,,,,,,,,,,,,,,,,,,3.192,,,,,,,,,,,,,,,,,,,,,,,,,,,,,,,,,,,,,,,,,,,,,,,,,,,,,,,,,,,,,,,,,,,,,,,,,,,,,,,,,,,,,,,,,,,,,,,,,,,,,,,,,,,,,,,,,,,,,,,
"01/09/2025 11:00:00",,1.275,3.828,5.133,13.025,0.746,7.479,3.149,9.299,1.063,6.437,11.844,3.959,,0.914,0.985,9.023,12.881,,15.926,0.752,,0.835,5.631,,82.997,9.036,32.53,0.939,1.254,7.562,20.97,12.437,3.942,1.318,0.908,3.533,3.089,3.107,,1.39,72.983,0.659,10.264,35.209,,21.48,27.782,11.324,48.273,0.787,0.292,,36.112,18.73,17.458,,9.891,6.647,,18.719,1.428,0.387,,16.973,6.911,1.119,7.331,5.603,0.684,51.943,51.984,2.121,6.359,,0.375,51.243,3.429,3.215,5.159,,9.506,37.13,3.835,51.903,0.876,8.93,4.786,8.033,5.898,27.021,8.358,1.041,3.867,8.854,19.445,4.076,5.169,58.162,3.717,7.756,7.416,3.451,3.606,10.325,1.8,18.41,9.185,5.546,4.638,3.347,3.828,1.761,2.84,,0.724,,1.631,7.721,,,29.153,7.787,5.773,,9.586,11.615,7.362,0.773,13.096,4.46,3.275,3.77,4.794,12.514,12.975,14.693,10.064,10.651,9.05,2.75,0.729,1.439,2.44,3.557,6.705,,5.77,1.04,6.78,10.997,,35.729,3.879,3.685,,28.84,0.764,,10.78,2.74,36.578,5.238,9.175,43.153,1.727,1.549,18.034,1.707,2.66,30.816,3.565,14.835,,34.606,24.285,3.595,2.029,11.876,6.391,0.762,1.435,2.612,8.843,4.419,1.987,1.867,14.394,0.871,12.135,6.533,2.81,4.591,,4.849,,,0.721,3.905,7.466,21.838,-9999999,4.966,,6.294,66.697,33.048,4.188,13.038,2.412,5.711,8.04,3.724,5.744,3.367,17.516,12.045,13.458,8.997,9.102,12.167,13.072,1.305,2.825,8.835,3.237,0.731,,1.474,32.266,4.398,,10.128,3.774,2.084,65.153,0.55,6.768,,,56.891,0.59,0.655,25.441,47.437,28.528,1.548,0.799,,40.28,1.26,3.695,3.068,5.997,18.716,,0.646,0.5,,87.993,0.686,2.923,18.737,0.525,4.203,3.253,7.455,12.339,9.352,12.251,8.246,2.948,3.677,2.774,6.584,,30.004,,11.266,,,3.632,13.175,0.559,11.318,20.054,11.701,6.537,5.81,,6.067,4.377,0.698,,4.27,0.289,0.826,11.63,27.867,5.497,0.57,46.103,25.564,8.335,6.483,3.428,3.671,3.428,1.437,8.99,0.862,6.785,57.766,0.744,4.441
"01/09/2025 11:06:00",,,,,,,,,,,,,,,,,,,,,,,,,,,,,,,,,,,,,,,,,,,,,,,,,,,,,,,,,,,,,,,,,,,,,,,,,,,,,,,,,,,,,,,,,,,,,,,,,,,,,,,,,,,,,,,,,,,,,,,,,,,,,,,,,,,,,,,,,,,,,,,,,,,,,,,,,,,,,,,,,,,,,,,,,,,,,,,,,,,,,,,,,,,,,,,,,,,,,,,,,,,,,,,,,,,,,,,,,,,,,,,,,,,,,,,,,,,,,,,,,,,,,,,,,,,,,,,,,,,,,,,,,,,,,,,,,,,,,,,,,,,,,,,,,,,,,,,,,,,,,,,,,,,,,,,,,,,
"01/09/2025 11:15:00",,1.394,3.827,5.131,13.025,0.725,7.485,3.148,9.297,1.073,6.435,11.836,3.958,,0.903,0.988,9.021,12.873,,15.926,0.752,,0.82,5.626,,82.996,9.037,32.529,0.933,1.178,7.562,20.969,12.44,3.944,1.361,0.892,3.54,3.088,3.105,,1.374,72.983,0.646,10.263,35.209,,21.48,27.78,11.323,48.272,0.786,0.28,,36.107,18.732,17.459,,9.89,6.608,,18.722,1.39,0.395,,16.965,6.912,1.121,7.331,5.594,0.904,51.943,51.973,2.098,6.359,,0.363,51.24,3.428,3.207,5.153,,9.505,37.128,3.842,51.9,0.943,8.931,4.788,8.035,5.904,26.992,8.353,1.169,3.872,8.851,19.446,4.075,5.115,58.158,3.713,7.757,7.42,3.45,3.605,10.335,1.791,18.409,9.184,5.545,4.639,3.343,3.827,1.764,2.839,,0.741,,1.629,7.717,,,29.152,7.783,5.773,,9.586,11.611,7.36,0.773,13.09,4.46,3.274,3.771,4.793,12.515,12.979,14.693,10.063,10.653,9.049,2.749,0.725,1.437,2.44,3.556,6.707,,5.759,1.156,6.781,10.993,,35.724,3.886,3.669,,28.847,0.77,,10.784,2.74,36.576,5.239,9.171,43.148,1.722,1.486,18.033,1.744,2.604,30.814,3.557,14.832,,34.605,24.268,3.595,2.023,11.88,6.391,0.766,1.425,2.614,8.842,4.422,1.98,1.858,14.398,0.868,12.138,6.541,2.799,4.579,,4.848,,,0.712,3.902,7.464,21.836,-9999999,4.956,,6.293,66.694,33.047,4.189,13.027,2.411,5.709,8.041,3.723,5.743,3.368,17.513,12.046,13.454,8.998,9.104,12.167,13.072,1.352,2.803,8.834,3.232,0.739,,1.456,32.264,4.401,,10.128,3.78,2.093,65.148,0.699,6.768,,,56.89,0.546,0.636,25.442,47.433,28.519,1.525,0.804,,40.28,1.208,3.695,3.064,5.995,18.717,,0.656,0.656,,87.994,0.64,2.923,18.742,0.533,4.201,3.253,7.452,12.34,9.35,12.254,8.241,2.938,3.678,2.765,6.583,,29.983,,11.265,,,3.63,13.176,0.55,11.318,20.053,11.7,6.532,5.811,,6.064,4.376,0.707,,4.269,0.358,0.91,11.629,27.864,5.492,0.704,46.101,25.555,8.335,6.481,3.428,3.674,3.428,1.463,8.99,0.866,6.783,57.766,0.737,4.419
"01/09/2025 11:21:00",,,,,,,,,,,,,,,,,,,,,,,,,,,,,,,,,,,,,,,,,,,,,,,,,,,,,,,,,,,,,,,,,,,,,,,,,,,,,,,,,,,,,,,,,,,,,,,,,,,,,,,,,,,,,,,,,,,,,,,,,,,,,,,,,,,,,,,,,,,,,,,,,,,,,,,,,,,,,,,,,,,,,,,,,,,,,,,,,,,,,,,,,,,,,,,,,,,,,,,,,,,,,,,,,,,,,,,,,,,,,,,,,,,,,,,,,,,,,,,,,,,,,,,,,,,,,,,,,,,,,,,,,,,,,,,,,,,,,,,,,,,,,,,,,,,,,,,,,,,,,,,,,,,,,,,,,,,
"01/09/2025 11:30:00",,1.491,3.825,5.126,13.025,0.706,7.487,3.147,9.3,1.074,6.435,11.845,3.957,,0.894,0.976,9.024,12.876,,15.926,0.756,,0.828,5.62,,82.994,9.038,32.528,0.933,1.093,7.563,20.966,12.438,3.945,1.396,0.892,3.541,3.088,3.147,,1.377,72.976,0.659,10.262,35.208,,21.481,27.779,11.322,48.272,0.763,0.278,,36.1,18.734,17.461,,9.893,6.551,,18.722,1.332,0.406,,16.956,6.906,1.131,7.332,5.585,1.112,51.942,51.969,2.073,6.356,,0.373,51.237,3.422,3.206,5.156,,9.505,37.127,3.847,51.899,1.021,8.931,4.787,8.034,5.902,26.942,8.352,1.279,3.863,8.849,19.446,4.074,5.171,58.154,3.71,7.754,7.422,3.452,3.603,10.336,1.782,18.41,9.185,5.545,4.639,3.344,3.827,1.772,2.821,,0.758,,1.628,7.711,,,29.151,7.781,5.774,,9.588,11.608,7.354,0.777,13.059,4.459,3.274,3.768,4.792,12.516,12.982,14.692,10.064,10.654,9.05,2.751,0.724,1.44,2.439,3.556,6.707,,5.763,1.263,6.781,10.99,,35.72,3.822,4.505,,28.854,0.774,,10.785,2.739,36.575,5.239,9.178,43.143,1.715,1.396,18.037,1.763,2.543,30.811,3.553,14.831,,34.605,24.29,3.595,2.012,11.873,6.39,0.738,1.417,2.613,8.843,4.421,1.973,1.847,14.394,0.868,12.138,6.54,2.786,4.578,,4.848,,,0.699,3.894,7.462,21.835,-9999999,4.961,,6.293,66.693,33.047,4.188,13.017,2.41,5.709,8.04,3.723,5.741,3.372,17.512,12.047,13.447,8.997,9.106,12.167,13.072,1.404,2.803,8.832,3.237,0.747,,1.437,32.263,4.402,,10.129,3.78,2.088,65.143,0.828,6.769,,,56.89,0.506,0.626,25.439,47.427,28.521,1.5,0.801,,40.279,1.145,3.694,3.057,5.993,18.716,,0.671,0.794,,87.993,0.629,2.926,18.746,0.497,4.2,3.254,7.454,12.341,9.346,12.254,8.236,2.928,3.678,2.757,6.579,,29.954,,11.274,,,3.629,13.177,0.538,11.317,20.053,11.701,6.529,5.81,,6.061,4.375,0.713,,4.268,0.453,0.989,11.626,27.86,5.491,0.831,46.099,25.562,8.334,6.484,3.429,3.674,3.429,1.516,8.991,0.867,6.786,57.766,0.736,4.394
"01/09/2025 11:36:00",,,,,,,,,,,,,,,,,,,,,,,,,,,,,,,,,,,,,,,,,,,,,,,,,,,,,,,,,,,,,,,,,,,,,,,,,,,,,,,,,,,,,,,,,,,,,,,,,,,,,,,,,,,,,,,,,,,,,,,,,,,,,,,,,,,,,,,,,,,,,,,,,,,,,,,,,,,,,,,,,,,,,,,,,,,,,,,,,,,,,,,,,,,,,,,,,,,,,,,,,,,,,,,,,,,,,,,,,,,,,,,,,,,,,,,,,,,,,,,,,,,,,,,,,,,,,,,,,,,,,,,,,,,,,,,,,,,,,,,,,,,,,,,,,,,,,,,,,,,,,,,,,,,,,,,,,,,
"01/09/2025 11:45:00",,1.554,3.828,5.132,13.024,0.687,7.499,3.146,9.298,1.077,6.435,11.846,3.958,,0.888,0.976,9.029,12.885,,15.927,0.758,,0.818,5.612,,82.992,9.037,32.527,0.933,0.996,7.562,20.966,12.439,3.944,1.423,0.873,3.539,3.088,3.116,,1.377,72.973,0.704,10.265,35.208,,21.481,27.778,11.321,48.271,0.74,0.275,,36.097,18.734,17.461,,9.889,6.48,,18.725,1.267,0.425,,16.95,6.903,1.144,7.333,5.575,1.315,51.944,51.965,2.049,6.356,,0.452,51.233,3.417,3.196,5.162,,9.504,37.127,3.833,51.895,1.11,8.931,4.784,8.032,5.9,26.883,8.359,1.381,3.868,8.85,19.445,4.074,5.164,58.151,3.713,7.752,7.415,3.456,3.601,10.342,1.777,18.41,9.186,5.543,4.638,3.342,3.827,1.777,2.815,,0.775,,1.626,7.71,,,29.15,7.779,5.774,,9.58,11.613,7.355,0.783,13.285,4.459,3.274,3.772,4.791,12.517,12.986,14.691,10.064,10.655,9.049,2.747,0.731,1.447,2.438,3.555,6.711,,5.764,1.37,6.78,10.988,,35.711,3.851,3.68,,28.851,0.782,,10.787,2.739,36.572,5.238,9.185,43.139,1.701,1.298,18.034,1.768,2.467,30.808,3.555,14.83,,34.603,24.217,3.594,2.027,11.883,6.378,0.742,1.413,2.594,8.843,4.42,1.966,1.838,14.408,0.866,12.137,6.544,2.773,4.564,,4.847,,,0.703,3.893,7.467,21.834,-9999999,4.963,,6.292,66.691,33.046,4.187,13.009,2.418,5.708,8.041,3.722,5.747,3.37,17.51,12.046,13.445,8.997,9.106,12.167,13.071,1.447,2.795,8.831,3.231,0.76,,1.429,32.261,4.401,,10.126,3.778,2.059,65.137,0.956,6.769,,,56.887,0.485,0.613,25.439,47.422,28.513,1.508,0.803,,40.279,1.072,3.694,3.055,5.991,18.719,,0.687,0.922,,87.991,0.62,2.897,18.747,0.375,4.2,3.253,7.454,12.342,9.344,12.253,8.238,2.919,3.681,2.748,6.576,,29.932,,11.267,,,3.628,13.176,0.538,11.317,20.051,11.703,6.527,5.808,,6.056,4.375,0.72,,4.267,,1.061,11.625,27.858,5.492,0.947,46.097,25.554,8.333,6.484,3.429,3.674,3.429,1.589,8.992,0.873,6.785,57.765,0.729,4.377
"01/09/2025 11:51:00",,,,,,,,,,,,,,,,,,,,,,,,,,,,,,,,,,,,,,,,,,,,,,,,,,,,,,,,,,,,,,,,,,,,,,,,,,,,,,,,,,,,,,,,,,,,,,,,,,,,,,,,,,,,,,,,,,,,,,,,,,,,,,,,,,,,,,,,,,,,,,,,,,,,,,,,,,,,,,,,,,,,,,,,,,,,,,,,,,,,,,,,,,,,,,,,,,,,,,,,,,,,,,,,,,,,,,,,,,,,,,,,,,,,,,,,,,,,,,,,,,,,,,,,,,,,,,,,,,,,,,,,,,,,,,,,,,,,,,,,,,,,,,,,,,,,,,,,,,,,,,,,,,,,,,,,,,,
"01/09/2025 12:00:00",,1.599,3.829,5.131,13.018,0.667,7.486,3.144,9.299,1.087,6.433,11.847,3.958,,0.881,0.976,9.029,12.876,,15.927,0.741,,0.802,5.604,,82.989,9.037,32.525,0.927,0.891,7.562,20.964,12.439,3.943,1.437,0.878,3.549,3.084,,,1.364,72.973,0.689,10.265,35.209,,21.481,27.776,11.32,48.272,0.718,0.283,,36.092,18.736,17.462,,9.892,6.389,,18.727,1.196,0.432,,16.943,6.903,1.16,7.331,5.566,1.496,51.946,51.978,2.029,6.355,,0.537,51.227,3.409,3.19,5.158,,9.504,37.126,3.833,51.894,1.197,8.932,4.79,8.033,5.898,26.807,8.358,1.479,3.871,8.848,19.446,4.074,5.164,58.148,3.713,7.748,7.426,3.461,3.6,10.339,1.77,18.41,9.186,5.543,4.638,3.341,3.826,1.782,2.809,,0.791,,1.623,7.716,,,29.149,7.777,5.772,,9.583,11.613,7.352,0.788,13.564,4.459,3.274,3.769,4.791,12.518,12.989,14.692,10.064,10.654,9.049,2.737,0.736,1.463,2.438,3.555,6.709,,5.761,1.47,6.787,10.988,,35.705,3.667,3.687,,28.85,0.788,,10.788,2.739,36.571,5.237,9.186,43.134,1.698,1.191,18.035,1.767,2.38,30.805,3.545,14.828,,34.601,24.231,3.593,2.025,11.889,6.38,0.719,1.415,2.596,8.843,4.421,1.959,1.829,14.408,0.865,12.14,6.54,2.759,4.545,,4.846,,,0.693,3.892,7.469,21.833,-9999999,4.941,,6.292,66.689,33.045,4.185,12.998,2.413,5.707,8.04,3.721,5.745,3.372,17.508,12.047,13.443,9.002,9.105,12.167,13.07,1.495,2.778,8.83,3.23,0.766,,1.396,32.262,4.402,,10.125,3.778,2.015,65.133,1.088,6.769,,,56.884,0.449,0.609,25.44,47.417,28.505,1.499,0.799,,40.278,0.992,3.694,3.035,5.989,18.72,,0.689,1.027,,87.991,0.587,2.875,18.748,0.337,4.2,3.25,7.452,12.342,9.333,12.254,8.233,2.913,3.681,2.737,6.574,,29.913,,11.261,,,3.627,13.176,0.548,11.316,20.049,11.702,6.524,5.803,,6.062,4.374,0.728,,4.266,,1.122,11.623,27.858,5.489,1.055,46.094,25.56,8.333,6.483,3.429,3.674,3.429,1.663,8.991,0.856,6.784,57.764,0.728,4.379
"01/09/2025 12:06:00",,,,,,,,,,,,,,,,,,,,,,,,,,,,,,,,,,,,,,,,,,,,,,,,,,,,,,,,,,,,,,,,,,,,,,,,,,,,,,,,,,,,,,,,,,,,,,,,,,,,,,,,,,,,,,,,,,,,,,,,,,,,,,,,,,,,,,,,,,,,,,,,,,,,,,,,,,,,,,,,,,,,,,,,,,,,,,,,,,,,,,,,,,,,,,,,,,,,,,,,,,,,,,,,,,,,,,,,,,,,,,,,,,,,,,,,,,,,,,,,,,,,,,,,,,,,,,,,,,,,,,,,,,,,,,,,,,,,,,,,,,,,,,,,,,,,,,,,,,,,,,,,,,,,,,,,,,,
"01/09/2025 12:15:00",,1.635,3.828,5.131,13.022,0.638,7.48,3.144,9.299,1.098,6.433,11.847,3.956,,0.878,0.976,9.03,12.879,,15.927,0.736,,0.747,5.596,,82.987,9.037,32.524,0.91,0.781,7.561,20.961,12.439,3.943,1.434,0.864,3.533,3.087,,,1.341,72.967,0.67,10.266,35.208,,21.481,27.775,11.32,48.273,0.68,0.281,,36.087,18.736,17.462,,9.889,6.309,,18.733,1.11,0.445,,16.935,6.904,1.184,7.332,5.557,1.654,51.942,51.975,2.012,6.353,,0.596,51.224,3.408,3.183,5.158,,9.503,37.122,3.834,51.894,1.28,8.932,4.79,8.032,5.9,26.731,8.363,1.571,3.873,8.847,19.446,4.074,5.165,58.143,3.71,7.746,7.405,3.466,3.599,10.332,1.76,18.411,9.186,5.542,4.637,3.333,3.825,1.784,2.792,,0.808,,1.621,7.711,,,29.148,7.776,5.776,,9.584,11.621,7.35,0.778,13.599,4.458,3.273,3.769,4.79,12.518,12.993,14.69,10.063,10.657,9.05,2.738,0.725,1.483,2.438,3.556,6.708,,5.765,1.562,6.792,10.985,,35.702,3.814,3.679,,28.854,0.786,,10.789,2.738,36.57,5.236,9.183,43.129,1.702,1.084,18.038,1.744,2.286,30.803,3.542,14.827,,34.6,24.277,3.594,2.021,11.891,6.384,0.724,1.426,2.597,8.843,4.41,1.952,1.819,14.42,0.865,12.142,6.534,2.73,4.542,,4.847,,,0.662,3.864,7.473,21.832,-9999999,4.937,,6.29,66.687,33.044,4.186,12.986,2.411,5.707,8.035,3.721,5.753,3.372,17.506,12.049,13.44,9.002,9.107,12.168,13.07,1.532,2.781,8.829,3.226,0.774,,1.404,32.254,4.402,,10.128,3.772,1.962,65.13,1.218,6.769,,,56.882,,0.581,25.44,47.413,28.497,1.48,0.799,,40.278,0.904,3.694,3.043,5.987,18.723,,0.671,1.119,,87.99,0.573,2.883,18.75,0.339,4.198,3.247,7.447,12.343,9.328,12.254,8.231,2.906,3.684,2.725,6.574,,29.901,,11.255,,,3.626,13.177,0.561,11.317,20.049,11.704,6.524,5.807,,6.058,4.372,0.731,,4.265,,1.174,11.622,27.852,5.492,1.16,46.092,25.558,8.334,6.485,3.43,3.676,3.43,1.724,8.992,0.838,6.782,57.763,0.729,4.392
"01/09/2025 12:21:00",,,,,,,,,,,,,,,,,,,,,,,,,,,,,,,,,,,,,,,,,,,,,,,,,,,,,,,,,,,,,,,,,,,,,,,,,,,,,,,,,,,,,,,,,,,,,,,,,,,,,,,,,,,,,,,,,,,,,,,,,,,,,,,,,,,,,,,,,,,,,,,,,,,,,,,,,,,,,,,,,,,,,,,,,,,,,,,,,,,,,,,,,,,,,,,,,,,,,,,,,,,,,,,,,,,,,,,,,,,,,,,,,,,,,,,,,,,,,,,,,,,,,,,,,,,,,,,,,,,,,,,,,,,,,,,,,,,,,,,,,,,,,,,,,,,,,,,,,,,,,,,,,,,,,,,,,,,
"01/09/2025 12:30:00",,1.669,3.826,5.132,13.022,0.607,7.524,3.143,9.299,1.109,6.431,11.847,3.956,,0.879,0.976,9.033,12.87,,15.927,0.731,,0.756,5.589,,82.985,9.037,32.523,0.908,0.669,7.56,20.96,12.439,3.943,1.412,0.841,3.539,3.087,,,1.319,72.966,0.648,10.266,35.208,,21.482,27.774,11.319,48.273,0.645,0.283,,36.081,18.738,17.463,,9.892,6.222,,18.736,1.014,0.45,,16.928,6.903,1.184,7.331,5.549,1.803,51.943,51.973,1.996,6.354,,0.692,51.22,3.4,3.176,5.159,,9.503,37.119,3.836,51.893,1.348,8.928,4.784,8.031,5.898,26.657,8.36,1.653,3.865,8.844,19.445,4.073,5.165,58.137,3.71,7.745,7.414,3.469,3.598,10.349,4.523,18.412,9.186,5.541,4.636,3.336,3.824,1.792,2.788,,0.825,,1.618,7.71,,,29.147,7.771,5.773,,9.582,11.622,7.346,0.784,12.836,4.458,3.273,3.766,4.789,12.519,12.996,14.69,10.064,10.655,9.051,2.741,0.704,1.51,2.438,3.554,6.712,,5.765,1.63,6.784,10.982,,35.699,3.578,3.68,,28.851,0.778,,10.789,2.738,36.569,5.24,9.18,43.125,1.717,0.98,18.042,1.707,2.186,30.801,3.545,14.825,,34.599,24.259,3.593,2.014,11.884,6.376,0.691,1.444,2.593,8.843,4.412,1.944,1.808,14.429,0.863,12.142,6.533,2.707,4.551,,4.846,,,0.647,3.882,7.472,21.832,-9999999,4.949,,6.289,66.685,33.044,4.184,12.978,2.414,5.705,8.035,3.721,5.755,3.373,17.504,12.047,13.439,9.002,9.105,12.169,13.07,1.56,2.792,8.827,3.22,0.779,,1.402,32.257,4.402,,10.131,3.784,1.891,65.124,1.346,6.769,,,56.881,0.356,0.561,25.44,47.409,28.489,1.466,0.798,,40.278,0.805,3.693,3.041,5.985,18.723,,0.659,1.206,,87.991,0.512,2.865,18.75,0.341,4.196,3.246,7.447,12.344,9.325,12.254,8.227,2.894,3.684,2.715,6.574,,29.882,,11.275,,,3.625,13.176,0.574,11.316,20.05,11.703,6.517,5.808,,6.06,4.371,0.736,,4.264,,1.213,11.62,27.851,5.491,1.255,46.089,25.547,8.334,6.484,3.431,3.675,3.431,1.768,8.993,0.823,6.78,57.762,0.712,4.382
"01/09/2025 12:36:00",,,,,,,,,,,,,,,,,,,,,,,,,,,,,,,,,,,,,,,,,,,,,,,,,,,,,,,,,,,,,,,,,,,,,,,,,,,,,,,,,,,,,,,,,,,,,,,,,,,,,,,,,,,,,,,,,,,,,,,,,,,,,,,,,,,,,,,,,,,,,,,,,,,,,,,,,,,,,,,,,,,,,,,,,,,,,,,,,,,,,,,,,,,,,,,,,,,,,,,,,,,,,,,,,,,,,,,,,,,,,,,,,,,,,,,,,,,,,,,,,,,,,,,,,,,,,,,,,,,,,,,,,,,,,,,,,,,,,,,,,,,,,,,,,,,,,,,,,,,,,,,,,,,,,,,,,,,
"01/09/2025 12:45:00",,1.697,3.826,5.133,13.022,0.582,7.502,3.142,9.3,1.115,6.431,11.847,3.956,,0.879,0.976,9.033,12.873,,15.927,0.727,,0.741,5.583,,82.984,9.037,32.522,0.916,0.549,7.56,20.958,12.442,3.942,1.382,0.834,3.541,3.087,,,1.314,72.962,0.645,10.267,35.209,,21.482,27.772,11.318,48.275,0.616,0.295,,36.076,18.738,17.464,,9.89,6.133,,18.736,0.908,0.462,,16.922,6.905,1.187,7.332,5.54,1.922,51.936,51.965,1.984,6.353,,0.777,51.217,3.391,3.163,5.154,,9.503,37.116,3.849,51.889,1.408,8.933,4.783,8.03,5.894,26.576,8.363,1.713,3.864,8.846,19.447,4.073,5.161,58.135,3.709,7.744,7.41,3.469,3.596,10.341,1.745,18.412,9.187,5.54,4.635,3.337,3.824,1.798,2.779,,0.842,,1.615,7.708,,,29.146,7.77,5.774,,9.583,11.625,7.344,0.766,12.979,4.458,3.272,3.766,4.788,12.519,13,14.689,10.063,10.657,9.051,2.745,0.694,1.539,2.438,3.556,6.713,,5.763,1.681,6.787,10.978,,35.694,3.821,3.68,,28.861,0.767,,10.793,2.738,36.567,5.238,9.184,43.122,1.743,0.876,18.045,1.66,2.08,30.798,3.543,14.824,,34.597,24.228,3.592,2.008,11.883,6.374,0.649,1.474,2.578,8.843,4.406,1.937,1.795,14.426,0.863,12.141,6.537,2.703,4.551,,4.846,,,0.632,3.879,7.472,21.832,-9999999,4.936,,6.289,66.684,33.043,4.182,12.969,2.411,5.705,8.031,3.72,5.755,3.371,17.503,12.047,13.434,9.003,9.106,12.17,13.069,1.585,2.755,8.827,3.215,0.787,,1.4,32.256,4.402,,10.129,3.786,1.812,65.12,1.469,6.769,,,56.88,0.344,0.555,25.44,47.404,28.482,1.451,0.778,,40.278,0.691,3.692,3.043,5.985,18.721,,0.649,1.267,,87.991,0.499,2.852,18.749,0.292,4.197,3.243,7.447,12.344,9.33,12.254,8.23,2.881,3.686,2.705,6.571,,29.865,,11.277,,,3.624,13.172,0.583,11.316,20.048,11.705,6.515,5.809,,6.052,4.37,0.739,,4.264,,1.231,11.618,27.846,5.492,1.351,46.088,25.555,8.333,6.484,3.432,3.677,3.432,1.806,8.994,0.803,6.776,57.761,0.717,4.38
"01/09/2025 12:51:00",,,,,,,,,,,,,,,,,,,,,,,,,,,,,,,,,,,,,,,,,,,,,,,,,,,,,,,,,,,,,,,,,,,,,,,,,,,,,,,,,,,,,,,,,,,,,,,,,,,,,,,,,,,,,,,,,,,,,,,,,,,,,,,,,,,,,,,,,,,,,,,,,,,,,,,,,,,,,,,,,,,,,,,,,,,,,,,,,,,,,,,,,,,,,,,,,,,,,,,,,,,,,,,,,,,,,,,,,,,,,,,,,,,,,,,,,,,,,,,,,,,,,,,,,,,,,,,,,,,,,,,,,,,,,,,,,,,,,,,,,,,,,,,,,,,,,,,,,,,,,,,,,,,,,,,,,,,
"01/09/2025 13:00:00",,1.712,3.824,5.128,13.021,0.541,7.499,3.141,9.299,1.118,6.431,11.847,3.954,,0.875,0.976,9.034,12.874,,15.927,0.709,,0.71,5.579,,82.983,9.037,32.522,0.915,0.442,7.558,20.956,12.443,3.941,1.35,0.81,3.54,3.088,,,1.301,72.963,0.635,10.266,35.208,,21.482,27.771,11.318,48.277,0.577,0.303,,36.071,18.74,17.465,,9.885,6.035,,18.738,0.793,0.469,,16.916,6.902,1.185,7.332,5.531,2.012,51.929,51.961,1.977,6.353,,0.866,51.214,3.38,3.165,5.157,,9.503,37.12,3.847,51.888,1.46,8.934,4.783,8.028,5.893,26.487,8.363,1.761,3.867,8.843,19.447,4.072,5.163,58.134,3.708,7.741,7.448,3.47,3.595,10.345,1.738,18.414,9.188,5.539,4.635,3.333,3.822,1.8,2.765,,0.859,,1.614,7.709,24.943,,29.145,7.766,5.774,,9.581,11.619,7.341,0.77,13.06,4.457,3.272,3.764,4.787,12.52,13.004,14.688,10.063,10.658,9.051,2.75,0.686,1.568,2.439,3.556,6.715,,5.762,1.718,6.776,10.974,,35.688,3.618,3.663,,28.852,0.756,28.002,10.793,2.738,36.566,5.236,9.18,43.117,1.773,0.778,18.048,1.598,1.973,30.795,3.539,14.82,,34.596,24.278,3.591,2.001,11.879,6.384,0.619,1.507,2.574,8.843,4.41,1.929,1.79,14.438,0.863,12.14,6.542,2.71,4.556,,4.845,,,0.607,3.876,7.467,21.833,-9999999,4.932,,6.288,66.682,33.043,4.184,12.963,2.41,5.704,8.035,3.72,5.755,3.371,17.503,12.049,13.433,9.003,9.107,12.17,13.068,1.596,2.746,8.826,3.208,0.789,,1.394,32.257,4.402,,10.128,3.78,1.707,65.117,1.584,6.768,,,56.877,,0.537,25.439,47.399,28.473,1.443,0.756,,40.278,0.572,3.692,3.046,5.983,18.721,,0.637,1.349,,87.99,0.457,2.841,18.751,0.19,4.196,3.239,7.443,12.344,9.328,12.254,8.223,2.874,3.685,2.699,6.567,,29.846,,11.276,,,3.622,13.177,0.599,11.316,20.047,11.707,6.512,5.808,,6.047,4.369,0.737,,4.262,,1.239,11.617,27.845,5.494,1.43,46.086,25.553,8.332,6.485,3.432,3.677,3.432,1.834,8.994,0.776,6.775,57.76,0.722,4.387
"01/09/2025 13:06:00",,,,,,,,,,,,,,,,,,,,,,,,,,,,,,,,,,,,,,,,,,,,,,,,,,,,,,,,,,,,,,,,,,,,,,,,,,,,,,,,,,,,,,,,,,,,,,,,,,,,,,,,,,,,,,,,,,,,,,,,,,,,,,,,,,,,,,,,,,,,,,,,,,,,,,,,,,,,,,,,,,,,,,,,,,,,,,,,,,,,,,,,,,,,,,,,,,,,,,,,,,,,,,,,,,,,,,,,,,,,,,,,,,,,,,,,,,,,,,,,,,,,,,,,,,,,,,,,,,,,,,,,,,,,,,,,,,,,,,,,,,,,,,,,,,,,,,,,,,,,,,,,,,,,,,,,,,,
"01/09/2025 13:15:00",,1.718,3.818,5.13,13.02,0.508,7.52,3.14,9.3,1.122,6.43,11.846,3.952,,0.881,0.976,9.036,12.896,,15.927,0.698,,0.698,5.57,,82.981,9.037,32.52,0.912,0.322,7.558,20.955,12.443,3.941,1.326,0.785,3.54,3.087,,,1.29,72.959,0.646,10.267,35.208,,21.482,27.77,11.317,48.278,0.536,0.298,,36.066,18.741,17.465,,9.89,5.934,,18.738,0.682,0.478,,16.909,6.902,1.189,7.332,5.522,2.066,51.933,51.962,1.972,6.352,,0.968,51.211,3.376,3.149,5.153,,9.503,37.12,3.858,51.887,1.512,8.934,4.781,8.024,5.895,26.391,8.364,1.798,3.871,8.84,19.446,4.072,5.163,58.13,3.706,7.74,7.413,3.468,3.594,10.351,1.735,18.415,9.187,5.538,4.635,3.329,3.822,1.805,2.753,,0.876,,1.612,7.705,24.944,,29.146,7.766,5.773,,9.581,11.625,7.339,0.764,13.016,4.456,3.272,3.762,4.786,12.521,13.006,14.687,10.063,10.66,9.05,2.751,0.682,1.596,2.44,3.556,6.712,,5.762,1.756,6.782,10.975,,35.682,3.827,3.663,,28.856,0.758,28.002,10.793,2.737,36.564,5.239,9.184,43.114,1.804,0.69,18.049,1.533,1.87,30.794,3.532,14.82,,34.594,24.249,3.59,1.995,11.884,6.386,0.588,1.547,2.56,8.843,4.413,1.923,1.78,14.441,0.861,12.145,6.539,2.697,4.536,,4.843,,,0.572,3.863,7.463,21.832,-9999999,4.942,,6.287,66.681,33.042,4.184,12.952,2.409,5.704,8.03,3.719,5.752,3.37,17.5,12.049,13.429,9.004,9.11,12.171,13.068,1.601,2.729,8.823,3.2,0.788,,1.384,32.255,4.401,,10.13,3.782,1.597,65.112,1.695,6.768,,,56.876,0.262,0.512,25.44,47.395,28.464,1.431,0.737,,40.278,0.448,3.691,3.027,5.982,18.723,,0.625,1.398,,87.989,0.425,2.826,18.751,0.144,4.196,3.236,7.44,12.344,9.324,12.253,8.218,2.871,3.687,2.695,6.568,,29.831,,11.271,,,3.62,13.178,0.617,11.316,20.046,11.706,6.509,5.807,,6.055,4.368,0.74,,4.261,,1.235,11.614,27.839,5.496,1.493,46.086,25.552,8.332,6.487,3.432,3.676,3.432,1.863,8.994,0.744,6.774,57.759,0.734,4.348
"01/09/2025 13:21:00",,,,,,,,,,,,,,,,,,,,,,,,,,,,,,,,,,,,,,,,,,,,,,,,,,,,,,,,,,,,,,,,,,,,,,,,,,,,,,,,,,,,,,,,,,,,,,,,,,,,,,,,,,,,,,,,,,,,,,,,,,,,,,,,,,,,,,,,,,,,,,,,,,,,,,,,,,,,,,,,,,,,,,,,,,,,,,,,,,,,,,,,,,,,,,,,,,,,,,,,,,,,,,,,,,,,,,,,,,,,,,,,,,,,,,,,,,,,,,,,,,,,,,,,,,,,,,,,,,,,,,,,,,,,,,,,,,,,,,,,,,,,,,,,,,,,,,,,,,,,,,,,,,,,,,,,,,,
"01/09/2025 13:30:00",,1.711,3.813,5.126,13.021,0.479,7.523,3.139,9.3,1.129,6.428,11.843,3.951,,0.888,0.976,9.033,12.898,,15.928,0.682,,0.656,5.565,,82.979,9.037,32.519,0.915,0.213,7.557,20.953,12.444,3.941,1.3,0.763,3.547,3.081,,,1.296,72.957,0.661,10.268,35.208,,21.482,27.77,11.317,48.28,0.495,0.296,,36.061,18.743,17.465,,9.884,5.825,,18.739,0.56,0.492,,16.903,6.903,1.18,7.332,5.513,2.086,51.935,51.968,1.97,6.352,,1.078,51.206,3.365,3.142,5.153,,9.503,37.12,3.851,51.889,1.549,8.934,4.782,8.02,5.89,26.291,8.367,1.831,3.866,8.84,19.447,4.071,5.164,58.125,3.705,7.739,7.424,3.47,3.594,10.34,1.729,18.415,9.188,5.537,4.633,3.327,3.82,1.807,2.743,,0.893,,1.61,7.705,24.942,,29.145,7.763,5.773,,9.579,11.625,7.337,0.755,13.063,4.456,3.272,3.763,4.785,12.521,13.01,14.686,10.063,10.657,9.049,2.75,0.676,1.622,2.441,3.558,6.708,,5.761,1.768,6.776,10.974,,35.674,3.855,3.669,,28.858,0.723,28.001,10.796,2.737,36.562,5.239,9.179,43.11,1.831,0.611,18.049,1.459,1.763,30.792,3.525,14.818,,34.592,24.274,3.59,1.988,11.892,6.383,0.538,1.582,2.555,8.843,4.412,1.916,1.773,14.44,0.86,12.143,6.534,2.667,4.536,,4.843,,,0.555,3.865,7.476,21.832,-9999999,4.922,,6.287,66.679,33.041,4.182,12.942,2.41,5.703,8.029,3.717,5.756,3.368,17.498,12.049,13.427,9.004,9.109,12.171,13.068,1.605,2.725,8.823,3.195,0.79,,1.389,32.256,4.401,,10.133,3.782,1.482,65.106,1.797,6.768,,,56.874,,0.482,25.439,47.391,28.456,1.425,0.706,,40.277,0.334,3.692,3.029,5.981,18.725,,0.61,1.439,,87.989,0.392,2.842,18.753,0.115,4.195,3.232,7.44,12.345,9.32,12.254,8.217,2.86,3.687,2.694,6.565,,29.815,,11.268,,,3.619,13.177,0.628,11.316,20.045,11.705,6.506,5.806,,6.049,4.367,0.74,,4.261,,1.218,11.613,27.838,5.49,1.541,46.085,25.548,8.333,6.49,3.431,3.676,3.431,1.879,8.993,0.73,6.772,57.758,0.757,4.354
